timestamp,model,perspective,test_type,gt_name,size_mb,fps,ram_max_gb,vram_used_mib,vram_free_mib,gpu_util_pct
2026-05-19T18:42:21,sana-wm,3rd_data,action_space_test,data-125-0.8x-175,6.37,24.00,0.02,14698,17490,2
2026-05-19T18:42:21,sana-wm,3rd_data,action_space_test,data-126-1.2x-225,4.77,24.00,0.02,14698,17490,2
2026-05-19T18:42:21,sana-wm,3rd_data,action_space_test,data-127-1.4x-250,2.94,24.00,0.02,14698,17490,2
2026-05-19T18:42:21,sana-wm,3rd_data,action_space_test,data-128-1.4x-250,4.91,24.00,0.02,14698,17490,2
2026-05-19T18:42:21,sana-wm,3rd_data,action_space_test,data-129-0.6x-150,2.60,24.00,0.02,14700,17488,0
2026-05-19T18:42:21,sana-wm,3rd_data,action_space_test,data-130-1.0x-200,4.28,24.00,0.02,14704,17484,0
2026-05-19T18:42:21,sana-wm,3rd_data,action_space_test,data-131-1.4x-250,4.02,24.00,0.02,14704,17484,0
2026-05-19T18:42:21,sana-wm,3rd_data,action_space_test,data-132-0.6x-150,3.63,24.00,0.02,14704,17484,0
2026-05-19T18:42:21,sana-wm,3rd_data,action_space_test,data-133-0.8x-175,1.00,24.00,0.02,14704,17484,0
2026-05-19T18:42:21,sana-wm,3rd_data,action_space_test,data-134-0.8x-175,2.90,24.00,0.02,14704,17484,0
2026-05-19T18:42:21,sana-wm,3rd_data,action_space_test,data-135-0.6x-150,7.70,24.00,0.02,14704,17484,0
2026-05-19T18:42:22,sana-wm,3rd_data,action_space_test,data-136-1.4x-250,7.92,24.00,0.02,14704,17484,0
2026-05-19T18:42:22,sana-wm,3rd_data,action_space_test,data-137-1.2x-225,3.43,24.00,0.02,14695,17493,0
2026-05-19T18:42:22,sana-wm,3rd_data,action_space_test,data-138-1.0x-200,7.11,24.00,0.02,14695,17493,0
2026-05-19T18:42:22,sana-wm,3rd_data,action_space_test,data-139-0.8x-175,3.89,24.00,0.02,14695,17493,0
2026-05-19T18:42:22,sana-wm,3rd_data,action_space_test,data-140-1.2x-225,8.60,24.00,0.02,14695,17493,2
2026-05-19T18:42:22,sana-wm,3rd_data,action_space_test,data-141-1.2x-225,0.91,24.00,0.02,14694,17494,2
2026-05-19T18:20:36,sana-wm,3rd_data,action_space_test,data-125-0.8x-175,6.37,24.00,0,1112,31076,0
2026-05-19T18:21:51,sana-wm,3rd_data,action_space_test,data-126-1.2x-225,4.77,24.00,0,1112,31076,0
2026-05-19T18:23:36,sana-wm,3rd_data,action_space_test,data-127-1.4x-250,2.94,24.00,0,1112,31076,0
2026-05-19T18:24:50,sana-wm,3rd_data,action_space_test,data-128-1.4x-250,4.91,24.00,0,1112,31076,0
2026-05-19T18:26:05,sana-wm,3rd_data,action_space_test,data-129-0.6x-150,2.6,24.00,0,1112,31076,0
2026-05-19T18:27:19,sana-wm,3rd_data,action_space_test,data-130-1.0x-200,4.28,24.00,0,1112,31076,0
2026-05-19T18:28:32,sana-wm,3rd_data,action_space_test,data-131-1.4x-250,4.02,24.00,0,1112,31076,0
2026-05-19T18:29:45,sana-wm,3rd_data,action_space_test,data-132-0.6x-150,3.63,24.00,0,1112,31076,0
2026-05-19T18:30:58,sana-wm,3rd_data,action_space_test,data-133-0.8x-175,1,24.00,0,1112,31076,0
2026-05-19T18:32:14,sana-wm,3rd_data,action_space_test,data-134-0.8x-175,2.9,24.00,0,1112,31076,0
2026-05-19T18:33:29,sana-wm,3rd_data,action_space_test,data-135-0.6x-150,7.7,24.00,0,1112,31076,0
2026-05-19T18:34:43,sana-wm,3rd_data,action_space_test,data-136-1.4x-250,7.92,24.00,0,1112,31076,0
2026-05-19T18:36:00,sana-wm,3rd_data,action_space_test,data-137-1.2x-225,3.43,24.00,0,1112,31076,0
2026-05-19T18:37:17,sana-wm,3rd_data,action_space_test,data-138-1.0x-200,7.11,24.00,0,1112,31076,0
2026-05-19T18:38:35,sana-wm,3rd_data,action_space_test,data-139-0.8x-175,3.89,24.00,0,1112,31076,0
2026-05-19T18:39:51,sana-wm,3rd_data,action_space_test,data-140-1.2x-225,8.6,24.00,0,1112,31076,0
2026-05-19T18:41:05,sana-wm,3rd_data,action_space_test,data-141-1.2x-225,0.91,24.00,0,1112,31076,0
2026-05-19T20:16:06,sana-wm,1st_data,action_space_test,data-0-1.0x-200,2.17,24.00,0.04,2527,29661,0
2026-05-19T20:16:05,sana-wm,1st_data,action_space_test,data-0-1.0x-200,2.17,14.96,30648,1540,100
2026-05-19T20:25:26,sana-wm,1st_data,action_space_test,data-1-1.0x-200,3.32,24.00,0.04,2394,29794,1
2026-05-19T20:25:24,sana-wm,1st_data,action_space_test,data-1-1.0x-200,3.32,14.89,30793,1395,100
2026-05-19T20:41:55,sana-wm,1st_data,action_space_test,data-10-0.8x-125,2.83,24.00,0.04,3375,28813,1
2026-05-19T20:41:53,sana-wm,1st_data,action_space_test,data-10-0.8x-125,2.83,20.27,27532,4656,100
2026-05-20T11:32:12,dreamx-world,1st_data,action_space_test,data-0-1.0x-200,0.51,16.00,0.05,780,31408,0
2026-05-20T11:32:12,dreamx-world,1st_data,action_space_test,data-1-1.0x-200,0.61,16.00,0.05,780,31408,0
2026-05-20T11:32:12,dreamx-world,1st_data,action_space_test,data-10-0.8x-125,0.83,16.00,0.05,780,31408,0
2026-05-20T11:32:12,dreamx-world,1st_data,action_space_test,data-11-1.4x-250,0.64,16.00,0.05,780,31408,0
2026-05-20T11:32:13,dreamx-world,1st_data,action_space_test,data-12-1.2x-225,0.66,16.00,0.05,780,31408,0
2026-05-20T13:22:41,dreamx-world_small,1st_data,mirror_test,data-25,0.72,24.00,0.03,1117,31071,0
2026-05-20T13:22:41,dreamx-world_small,1st_data,mirror_test,data-26,1.00,24.00,0.03,1117,31071,0
2026-05-20T13:22:41,dreamx-world_small,1st_data,mirror_test,data-27,0.71,24.00,0.03,1117,31071,0
2026-05-20T13:22:41,dreamx-world_small,1st_data,mirror_test,data-28,0.62,24.00,0.03,1117,31071,0
2026-05-20T13:22:41,dreamx-world_small,1st_data,mirror_test,data-29,0.77,24.00,0.03,1117,31071,0
2026-05-20T13:22:41,dreamx-world_small,1st_data,mirror_test,data-30,0.69,24.00,0.03,1117,31071,0
2026-05-20T13:22:41,dreamx-world_small,1st_data,mirror_test,data-31,0.63,24.00,0.03,1117,31071,0
2026-05-20T13:22:41,dreamx-world_small,1st_data,mirror_test,data-32,0.93,24.00,0.03,1117,31071,0
2026-05-20T13:22:41,dreamx-world_small,1st_data,mirror_test,data-33,0.68,24.00,0.03,1117,31071,0
2026-05-20T13:22:41,dreamx-world_small,1st_data,mirror_test,data-34,1.08,24.00,0.03,1117,31071,0
2026-05-20T13:22:42,dreamx-world_small,1st_data,mirror_test,data-35,0.51,24.00,0.03,1117,31071,0
2026-05-20T13:22:42,dreamx-world_small,1st_data,mirror_test,data-36,0.77,24.00,0.03,1117,31071,0
2026-05-20T13:22:42,dreamx-world_small,1st_data,mirror_test,data-37,0.34,24.00,0.03,1117,31071,0
2026-05-20T13:22:42,dreamx-world_small,1st_data,mirror_test,data-38,1.59,24.00,0.03,1117,31071,0
2026-05-20T13:22:42,dreamx-world_small,1st_data,mirror_test,data-39,1.04,24.00,0.03,1117,31071,0
2026-05-20T13:22:42,dreamx-world_small,1st_data,mirror_test,data-40,0.81,24.00,0.03,1117,31071,0
2026-05-20T13:22:42,dreamx-world_small,1st_data,mirror_test,data-41,1.22,24.00,0.03,1117,31071,0
2026-05-20T13:22:42,dreamx-world_small,1st_data,mirror_test,data-42,0.48,24.00,0.03,1117,31071,0
2026-05-20T13:22:42,dreamx-world_small,1st_data,mirror_test,data-43,0.82,24.00,0.03,1117,31071,0
2026-05-20T13:22:42,dreamx-world_small,1st_data,mirror_test,data-44,0.77,24.00,0.03,1117,31071,0
2026-05-20T13:22:42,dreamx-world_small,1st_data,mirror_test,data-45,0.81,24.00,0.03,1117,31071,0
2026-05-20T13:22:42,dreamx-world_small,1st_data,mirror_test,data-46,0.64,24.00,0.03,1117,31071,0
2026-05-20T13:22:42,dreamx-world_small,1st_data,mirror_test,data-47,1.14,24.00,0.03,1117,31071,0
2026-05-20T13:22:42,dreamx-world_small,1st_data,mirror_test,data-48,0.81,24.00,0.03,1117,31071,0
2026-05-20T13:22:42,dreamx-world_small,1st_data,mirror_test,data-49,0.64,24.00,0.03,1117,31071,0
2026-05-20T13:22:42,dreamx-world_small,1st_data,mirror_test,data-50,0.75,24.00,0.03,1117,31071,0
2026-05-20T13:22:42,dreamx-world_small,1st_data,mirror_test,data-51,0.89,24.00,0.03,1117,31071,0
2026-05-20T13:22:42,dreamx-world_small,1st_data,mirror_test,data-52,1.21,24.00,0.03,1117,31071,0
2026-05-20T13:22:43,dreamx-world_small,1st_data,mirror_test,data-53,1.01,24.00,0.03,1117,31071,0
2026-05-20T13:22:43,dreamx-world_small,1st_data,mirror_test,data-54,0.72,24.00,0.03,1117,31071,0
2026-05-20T13:22:43,dreamx-world_small,1st_data,mirror_test,data-55,0.65,24.00,0.03,1117,31071,0
2026-05-20T13:22:43,dreamx-world_small,1st_data,mirror_test,data-56,0.58,24.00,0.03,1117,31071,0
2026-05-20T13:22:43,dreamx-world_small,1st_data,mirror_test,data-57,0.86,24.00,0.03,1117,31071,0
2026-05-20T13:22:43,dreamx-world_small,1st_data,mirror_test,data-58,0.64,24.00,0.03,1117,31071,0
2026-05-20T13:22:43,dreamx-world_small,1st_data,mirror_test,data-59,1.27,24.00,0.03,1117,31071,0
2026-05-20T13:22:43,dreamx-world_small,1st_data,mirror_test,data-60,0.62,24.00,0.03,1117,31071,0
2026-05-20T13:22:43,dreamx-world_small,1st_data,mirror_test,data-61,0.86,24.00,0.03,1117,31071,0
2026-05-20T13:22:43,dreamx-world_small,1st_data,mirror_test,data-62,1.03,24.00,0.03,1117,31071,0
2026-05-20T13:22:43,dreamx-world_small,1st_data,mirror_test,data-63,0.90,24.00,0.03,1117,31071,0
2026-05-20T13:22:43,dreamx-world_small,1st_data,mirror_test,data-64,0.70,24.00,0.03,1117,31071,0
2026-05-20T13:22:43,dreamx-world_small,1st_data,mirror_test,data-65,0.93,24.00,0.03,1117,31071,0
2026-05-20T13:22:43,dreamx-world_small,1st_data,mirror_test,data-66,0.51,24.00,0.03,1117,31071,0
2026-05-20T13:22:43,dreamx-world_small,1st_data,mirror_test,data-67,0.80,24.00,0.03,1117,31071,0
2026-05-20T13:22:43,dreamx-world_small,1st_data,mirror_test,data-68,1.03,24.00,0.03,1117,31071,0
2026-05-20T13:22:43,dreamx-world_small,1st_data,mirror_test,data-69,0.58,24.00,0.03,1117,31071,0
2026-05-20T13:22:43,dreamx-world_small,1st_data,mirror_test,data-70,0.57,24.00,0.03,1117,31071,0
2026-05-20T13:22:43,dreamx-world_small,1st_data,mirror_test,data-71,0.95,24.00,0.03,1117,31071,0
2026-05-20T13:22:43,dreamx-world_small,1st_data,mirror_test,data-72,0.94,24.00,0.03,1117,31071,0
2026-05-20T13:22:43,dreamx-world_small,1st_data,mirror_test,data-73,0.52,24.00,0.03,1117,31071,0
2026-05-20T13:22:44,dreamx-world_small,1st_data,mirror_test,data-74,0.93,24.00,0.03,1117,31071,0
2026-05-20T14:29:57,matrix-game-3,1st_data,action_space_test,data-7-1.4x-250,5.43,24.00,0.04,702,31486,6
2026-05-20T14:50:35,matrix-game-3,1st_data,action_space_test,data-8-1.2x-225,3.66,24.00,0.04,842,31346,3
2026-05-20T15:05:06,matrix-game-3,1st_data,action_space_test,data-9-1.4x-250,4.80,24.00,0.04,438,31750,4
2026-05-20T15:15:42,matrix-game-3,1st_data,mem_test,data-25,4.89,24.00,0.04,514,31674,2
2026-05-20T15:26:50,matrix-game-3,1st_data,mem_test,data-26,7.35,24.00,0.04,504,31684,2
2026-05-20T15:36:30,matrix-game-3,1st_data,mem_test,data-27,4.42,24.00,0.04,491,31697,2
2026-05-20T15:46:36,matrix-game-3,1st_data,mem_test,data-28,3.45,24.00,0.04,480,31708,4
2026-05-20T15:56:51,matrix-game-3,1st_data,mem_test,data-29,6.14,24.00,0.04,486,31702,5
2026-05-20T16:07:34,matrix-game-3,1st_data,mem_test,data-30,1.68,24.00,0.04,527,31661,5
2026-05-20T16:17:12,matrix-game-3,1st_data,mem_test,data-31,5.08,24.00,0.04,531,31657,2
2026-05-20T16:27:56,matrix-game-3,1st_data,mem_test,data-32,7.94,24.00,0.04,524,31664,2
2026-05-20T16:38:37,matrix-game-3,1st_data,mem_test,data-33,4.01,24.00,0.04,534,31654,2
2026-05-20T17:17:18,matrix-game-3,1st_data,mem_test,data-34,7.94,24.00,0.04,740,31448,1
2026-05-20T18:02:21,matrix-game-3,1st_data,mem_test,data-35,5.21,24.00,0.04,920,31268,5
2026-05-20T18:51:45,matrix-game-3,1st_data,mem_test,data-36,5.67,24.00,0.04,835,31353,6
2026-05-21T18:15:44,matrix-game-3,1st_data,mem_test,data-38,15.49,24.00,0.04,949,31239,4
2026-05-21T18:39:35,matrix-game-3,1st_data,mem_test,data-39,6.32,24.00,0.03,942,31246,4
2026-05-21T20:08:27,matrix-game-3,1st_data,mem_test,data-40,6.90,24.00,0.02,950,31238,5
2026-05-21T20:44:01,matrix-game-3,1st_data,mem_test,data-41,9.22,24.00,0.03,17366,14822,100
2026-05-22T07:19:04,matrix-game-3,1st_data,mem_test,data-37,5.31,24.00,0.04,762,31426,3
2026-05-22T07:35:45,matrix-game-3,1st_data,mem_test,data-42,3.28,24.00,0.04,801,31387,2
2026-05-22T07:50:02,matrix-game-3,1st_data,mem_test,data-43,5.06,24.00,0.04,676,31512,2
2026-05-22T08:13:13,matrix-game-3,1st_data,mem_test,data-44,6.56,24.00,0.04,751,31437,3
2026-05-22T08:49:49,matrix-game-3,1st_data,mem_test,data-45,6.40,24.00,0.04,831,31357,4
2026-05-22T09:35:00,matrix-game-3,1st_data,mem_test,data-46,3.63,24.00,0.03,992,31196,7
2026-05-22T17:36:42,matrix-game-3,1st_data,mem_test,data-47,0.07,24.00,0.04,1345,30843,3
2026-05-22T17:59:57,matrix-game-3,1st_data,mem_test,data-48,0.05,24.00,0.04,850,31338,5
2026-05-22T18:24:40,matrix-game-3,1st_data,mem_test,data-49,0.05,24.00,0.04,809,31379,2
2026-05-22T18:53:10,matrix-game-3,1st_data,mem_test,data-50,0.06,24.00,0.03,864,31324,6
2026-05-22T19:24:47,matrix-game-3,1st_data,mirror_test,data-52,0.07,24.00,0.02,934,31254,2
2026-05-22T19:53:41,matrix-game-3,1st_data,mirror_test,data-33,0.05,24.00,0.02,594,31594,4
2026-05-22T21:13:20,matrix-game-3,1st_data,mirror_test,data-34,0.06,24.00,0.02,985,31203,1
2026-05-22T21:32:48,matrix-game-3,1st_data,mirror_test,data-35,0.04,24.00,0.03,8917,23271,0
2026-05-23T08:37:19,matrix-game-3,1st_data,mem_test,data-51,0.06,24.00,0.03,665,31523,1
2026-05-23T08:58:57,matrix-game-3,1st_data,mem_test,data-52,0.08,24.00,0.03,798,31390,5
2026-05-23T09:21:28,matrix-game-3,1st_data,mem_test,data-53,0.06,24.00,0.03,500,31688,3
2026-05-23T09:32:00,matrix-game-3,1st_data,mem_test,data-54,0.05,24.00,0.03,495,31693,5
2026-05-23T09:45:05,matrix-game-3,1st_data,mem_test,data-55,0.05,24.00,0.03,463,31725,2
2026-05-23T09:59:14,matrix-game-3,1st_data,mem_test,data-56,0.05,24.00,0.03,720,31468,2
2026-05-23T10:15:48,matrix-game-3,1st_data,mem_test,data-57,0.06,24.00,0.03,1029,31159,1
2026-05-23T10:38:12,matrix-game-3,1st_data,mem_test,data-58,0.05,24.00,0.03,1015,31173,32
2026-05-23T11:00:55,matrix-game-3,1st_data,mem_test,data-59,0.07,24.00,0.03,1130,31058,3
2026-05-23T11:17:35,matrix-game-3,1st_data,mem_test,data-60,0.04,24.00,0.03,1009,31179,2
2026-05-23T11:36:56,matrix-game-3,1st_data,mem_test,data-61,0.05,24.00,0.03,1065,31123,6
2026-05-23T11:53:30,matrix-game-3,1st_data,mem_test,data-62,0.05,24.00,0.03,946,31242,5
2026-05-23T12:07:41,matrix-game-3,1st_data,mem_test,data-63,0.06,24.00,0.03,946,31242,4
2026-05-23T12:21:57,matrix-game-3,1st_data,mem_test,data-64,0.06,24.00,0.03,945,31243,4
2026-05-23T12:38:18,matrix-game-3,1st_data,mem_test,data-65,0.05,24.00,0.03,944,31244,2
2026-05-23T12:54:26,matrix-game-3,1st_data,mem_test,data-66,0.04,24.00,0.03,895,31293,2
2026-05-23T13:07:12,matrix-game-3,1st_data,mem_test,data-67,0.05,24.00,0.03,855,31333,5
2026-05-23T13:21:09,matrix-game-3,1st_data,mem_test,data-68,0.07,24.00,0.03,880,31308,2
2026-05-23T13:36:09,matrix-game-3,1st_data,mem_test,data-69,0.04,24.00,0.03,894,31294,4
2026-05-23T13:51:14,matrix-game-3,1st_data,mem_test,data-70,0.04,24.00,0.03,898,31290,4
2026-05-23T14:05:46,matrix-game-3,1st_data,mem_test,data-71,0.06,24.00,0.03,893,31295,4
2026-05-23T14:20:16,matrix-game-3,1st_data,mem_test,data-72,0.09,24.00,0.03,900,31288,4
2026-05-23T14:37:20,matrix-game-3,1st_data,mem_test,data-73,0.05,24.00,0.03,561,31627,2
2026-05-23T14:56:58,matrix-game-3,1st_data,mem_test,data-74,0.06,24.00,0.03,901,31287,28
2026-05-23T15:17:41,matrix-game-3,1st_data,mirror_test,data-25,0.05,24.00,0.03,622,31566,2
2026-05-23T15:36:06,matrix-game-3,1st_data,mirror_test,data-26,0.06,24.00,0.03,529,31659,3
2026-05-23T15:50:41,matrix-game-3,1st_data,mirror_test,data-27,0.05,24.00,0.03,532,31656,4
2026-05-23T16:04:35,matrix-game-3,1st_data,mirror_test,data-28,0.05,24.00,0.03,523,31665,4
2026-05-23T16:18:19,matrix-game-3,1st_data,mirror_test,data-29,0.06,24.00,0.03,523,31665,3
2026-05-23T16:32:42,matrix-game-3,1st_data,mirror_test,data-30,0.05,24.00,0.03,544,31644,4
2026-05-23T16:46:28,matrix-game-3,1st_data,mirror_test,data-31,0.04,24.00,0.03,546,31642,5
2026-05-23T17:00:23,matrix-game-3,1st_data,mirror_test,data-32,0.06,24.00,0.03,604,31584,4
2026-05-23T17:13:27,matrix-game-3,1st_data,mirror_test,data-36,0.05,24.00,0.03,610,31578,5
2026-05-23T17:25:42,matrix-game-3,1st_data,mirror_test,data-37,0.04,24.00,0.03,646,31542,2
2026-05-23T17:38:13,matrix-game-3,1st_data,mirror_test,data-38,0.07,24.00,0.03,641,31547,5
2026-05-23T17:50:34,matrix-game-3,1st_data,mirror_test,data-39,0.07,24.00,0.03,629,31559,5
2026-05-23T18:01:24,matrix-game-3,1st_data,mirror_test,data-40,0.06,24.00,0.03,521,31667,2
2026-05-23T18:13:42,matrix-game-3,1st_data,mirror_test,data-41,0.06,24.00,0.03,521,31667,4
2026-05-23T18:32:05,matrix-game-3,1st_data,mirror_test,data-42,0.04,24.00,0.03,610,31578,3
2026-05-23T18:46:47,matrix-game-3,1st_data,mirror_test,data-43,0.06,24.00,0.03,649,31539,2
2026-05-23T19:01:03,matrix-game-3,1st_data,mirror_test,data-44,0.06,24.00,0.03,637,31551,2
2026-05-23T19:15:02,matrix-game-3,1st_data,mirror_test,data-45,0.05,24.00,0.03,712,31476,3
2026-05-23T19:28:57,matrix-game-3,1st_data,mirror_test,data-46,0.05,24.00,0.03,714,31474,5
2026-05-23T19:42:25,matrix-game-3,1st_data,mirror_test,data-47,0.08,24.00,0.03,624,31564,3
2026-05-23T19:55:05,matrix-game-3,1st_data,mirror_test,data-48,0.05,24.00,0.03,602,31586,5
2026-05-23T20:07:29,matrix-game-3,1st_data,mirror_test,data-49,0.05,24.00,0.03,596,31592,4
2026-05-23T20:20:43,matrix-game-3,1st_data,mirror_test,data-50,0.06,24.00,0.03,585,31603,2
2026-05-23T20:33:58,matrix-game-3,1st_data,mirror_test,data-51,0.06,24.00,0.03,578,31610,5
2026-05-23T20:47:16,matrix-game-3,1st_data,mirror_test,data-53,0.06,24.00,0.03,581,31607,5
2026-05-23T21:00:30,matrix-game-3,1st_data,mirror_test,data-54,0.05,24.00,0.03,581,31607,5
2026-05-23T21:13:14,matrix-game-3,1st_data,mirror_test,data-55,0.05,24.00,0.03,582,31606,3
2026-05-23T21:25:58,matrix-game-3,1st_data,mirror_test,data-56,0.05,24.00,0.03,587,31601,3
2026-05-23T21:38:43,matrix-game-3,1st_data,mirror_test,data-57,0.06,24.00,0.03,588,31600,3
2026-05-23T21:52:01,matrix-game-3,1st_data,mirror_test,data-58,0.05,24.00,0.03,626,31562,2
2026-05-23T22:05:46,matrix-game-3,1st_data,mirror_test,data-59,0.06,24.00,0.03,616,31572,3
2026-05-24T08:17:07,matrix-game-3,1st_data,mirror_test,data-60,0.04,24.00,0.03,866,31322,5
2026-05-24T08:32:43,matrix-game-3,1st_data,mirror_test,data-61,0.06,24.00,0.04,840,31348,0
2026-05-24T08:48:13,matrix-game-3,1st_data,mirror_test,data-62,0.06,24.00,0.04,854,31334,5
2026-05-24T09:03:02,matrix-game-3,1st_data,mirror_test,data-63,0.06,24.00,0.04,794,31394,5
2026-05-24T09:17:49,matrix-game-3,1st_data,mirror_test,data-64,0.05,24.00,0.04,742,31446,0
2026-05-24T09:30:46,matrix-game-3,1st_data,mirror_test,data-65,0.06,24.00,0.04,668,31520,2
2026-05-24T09:43:42,matrix-game-3,1st_data,mirror_test,data-66,0.04,24.00,0.04,652,31536,5
2026-05-24T09:53:55,matrix-game-3,1st_data,mirror_test,data-67,0.06,24.00,0.04,605,31583,4
2026-05-24T10:06:52,matrix-game-3,1st_data,mirror_test,data-68,0.07,24.00,0.04,622,31566,2
2026-05-24T10:20:59,matrix-game-3,1st_data,mirror_test,data-69,0.05,24.00,0.04,720,31468,3
2026-05-24T10:37:53,matrix-game-3,1st_data,mirror_test,data-70,0.04,24.00,0.04,759,31429,3
2026-05-24T10:57:31,matrix-game-3,1st_data,mirror_test,data-71,0.06,24.00,0.04,767,31421,5
2026-05-24T11:14:34,matrix-game-3,1st_data,mirror_test,data-72,0.06,24.00,0.04,711,31477,2
2026-05-24T11:34:52,matrix-game-3,1st_data,mirror_test,data-73,0.05,24.00,0.03,766,31422,4
2026-05-24T11:55:50,matrix-game-3,1st_data,mirror_test,data-74,0.06,24.00,0.04,860,31328,4
2026-05-25T21:00:24,sana-wm,1st_data,action_space_test,data-11-1.4x-250,2.38,24.00,0.03,1836,30352,2
2026-05-25T21:02:18,sana-wm,1st_data,action_space_test,data-12-1.2x-225,4.61,24.00,0.04,28228,3960,76
2026-05-25T21:50:41,sana-wm,1st_data,action_space_test,data-13-1.4x-250,3.32,24.00,0.03,702,31486,2
2026-05-25T21:51:57,sana-wm,1st_data,action_space_test,data-14-0.8x-175,6.73,24.00,0.04,777,31411,1
2026-05-26T07:19:57,sana-wm,1st_data,action_space_test,data-15-1.4x-250,3.28,24.00,0.03,1138,31050,1
2026-05-26T07:21:42,sana-wm,1st_data,action_space_test,data-16-0.6x-150,1.65,24.00,0.04,1146,31042,0
2026-05-26T07:22:56,sana-wm,1st_data,action_space_test,data-17-1.2x-225,3.91,24.00,0.04,1594,30594,0
2026-05-26T07:24:08,sana-wm,1st_data,action_space_test,data-18-1.2x-225,4.45,24.00,0.04,1115,31073,3
2026-05-26T07:25:21,sana-wm,1st_data,action_space_test,data-19-1.0x-200,4.73,24.00,0.04,1115,31073,2
2026-05-26T07:26:32,sana-wm,1st_data,action_space_test,data-2-0.6x-150,5.64,24.00,0.04,1131,31057,2
2026-05-26T07:27:47,sana-wm,1st_data,action_space_test,data-20-0.8x-175,3.52,24.00,0.04,1276,30912,0
2026-05-26T07:29:02,sana-wm,1st_data,action_space_test,data-21-1.0x-200,2.49,24.00,0.04,1301,30887,0
2026-05-26T07:30:17,sana-wm,1st_data,action_space_test,data-22-0.8x-175,2.31,24.00,0.04,1258,30930,0
2026-05-26T07:31:30,sana-wm,1st_data,action_space_test,data-23-0.6x-150,3.26,24.00,0.04,1299,30889,0
2026-05-26T07:32:43,sana-wm,1st_data,action_space_test,data-24-0.6x-150,3.63,24.00,0.04,1381,30807,0
2026-05-26T07:33:56,sana-wm,1st_data,action_space_test,data-3-1.0x-200,3.16,24.00,0.04,1422,30766,0
2026-05-26T07:35:09,sana-wm,1st_data,action_space_test,data-4-0.6x-150,2.08,24.00,0.04,1407,30781,0
2026-05-26T07:36:21,sana-wm,1st_data,action_space_test,data-5-0.8x-175,3.64,24.00,0.04,1407,30781,0
2026-05-26T07:37:34,sana-wm,1st_data,action_space_test,data-6-1.2x-225,2.81,24.00,0.04,1461,30727,0
2026-05-26T07:38:47,sana-wm,1st_data,action_space_test,data-7-1.4x-250,2.82,24.00,0.04,1447,30741,3
2026-05-26T07:40:01,sana-wm,1st_data,action_space_test,data-8-1.2x-225,2.07,24.00,0.04,1612,30576,3
2026-05-26T07:41:16,sana-wm,1st_data,action_space_test,data-9-1.4x-250,3.97,24.00,0.04,1735,30453,1
2026-05-26T07:42:30,sana-wm,1st_data,mem_test,data-25,2.85,24.00,0.04,1722,30466,2
2026-05-26T07:43:43,sana-wm,1st_data,mem_test,data-26,3.21,24.00,0.04,1722,30466,3
2026-05-26T07:44:57,sana-wm,1st_data,mem_test,data-27,2.39,24.00,0.04,1722,30466,4
2026-05-26T07:46:10,sana-wm,1st_data,mem_test,data-28,2.30,24.00,0.04,1798,30390,0
2026-05-26T07:47:23,sana-wm,1st_data,mem_test,data-29,3.69,24.00,0.04,1817,30371,0
2026-05-26T07:48:35,sana-wm,1st_data,mem_test,data-30,3.38,24.00,0.04,1850,30338,1
2026-05-26T07:49:48,sana-wm,1st_data,mem_test,data-31,2.26,24.00,0.04,1984,30204,0
2026-05-26T07:51:03,sana-wm,1st_data,mem_test,data-32,1.87,24.00,0.04,1985,30203,2
2026-05-26T07:52:17,sana-wm,1st_data,mem_test,data-33,1.72,24.00,0.04,1985,30203,0
2026-05-26T07:53:32,sana-wm,1st_data,mem_test,data-34,1.98,24.00,0.04,1762,30426,3
2026-05-26T07:54:48,sana-wm,1st_data,mem_test,data-35,2.13,24.00,0.04,1775,30413,3
2026-05-26T07:56:02,sana-wm,1st_data,mem_test,data-36,2.56,24.00,0.04,1775,30413,0
2026-05-26T07:57:14,sana-wm,1st_data,mem_test,data-37,0.70,24.00,0.04,1775,30413,2
2026-05-26T07:58:28,sana-wm,1st_data,mem_test,data-38,5.70,24.00,0.04,1838,30350,5
2026-05-26T07:59:42,sana-wm,1st_data,mem_test,data-39,4.73,24.00,0.04,1748,30440,3
2026-05-26T08:00:57,sana-wm,1st_data,mem_test,data-40,1.49,24.00,0.04,1677,30511,0
2026-05-26T08:02:11,sana-wm,1st_data,mem_test,data-41,3.28,24.00,0.04,1660,30528,0
2026-05-26T08:03:24,sana-wm,1st_data,mem_test,data-42,1.64,24.00,0.04,1771,30417,0
2026-05-26T08:04:38,sana-wm,1st_data,mem_test,data-43,3.32,24.00,0.04,1838,30350,0
2026-05-26T08:06:29,sana-wm,1st_data,mem_test,data-44,2.55,24.00,0.04,1760,30428,0
2026-05-26T08:07:42,sana-wm,1st_data,mem_test,data-45,2.14,24.00,0.04,1748,30440,2
2026-05-26T08:08:55,sana-wm,1st_data,mem_test,data-46,2.38,24.00,0.04,1728,30460,0
2026-05-26T08:10:08,sana-wm,1st_data,mem_test,data-47,5.73,24.00,0.04,1882,30306,0
2026-05-26T08:11:22,sana-wm,1st_data,mem_test,data-48,1.74,24.00,0.04,1855,30333,0
2026-05-26T08:12:36,sana-wm,1st_data,mem_test,data-49,1.64,24.00,0.04,1827,30361,0
2026-05-26T08:13:49,sana-wm,1st_data,mem_test,data-50,6.55,24.00,0.04,1829,30359,0
2026-05-26T08:15:03,sana-wm,1st_data,mem_test,data-51,2.96,24.00,0.04,1856,30332,0
2026-05-26T08:16:18,sana-wm,1st_data,mem_test,data-52,6.79,24.00,0.04,1901,30287,3
2026-05-26T08:17:33,sana-wm,1st_data,mem_test,data-53,3.42,24.00,0.04,1880,30308,1
2026-05-26T08:18:47,sana-wm,1st_data,mem_test,data-54,2.99,24.00,0.04,1898,30290,1
2026-05-26T08:20:02,sana-wm,1st_data,mem_test,data-55,1.25,24.00,0.04,1872,30316,0
2026-05-26T08:21:54,sana-wm,1st_data,mem_test,data-56,1.01,24.00,0.04,1790,30398,4
2026-05-26T08:23:09,sana-wm,1st_data,mem_test,data-57,3.27,24.00,0.04,1802,30386,0
2026-05-26T08:24:22,sana-wm,1st_data,mem_test,data-58,1.81,24.00,0.04,1812,30376,6
2026-05-26T08:25:36,sana-wm,1st_data,mem_test,data-59,2.20,24.00,0.04,1760,30428,1
2026-05-26T08:26:50,sana-wm,1st_data,mem_test,data-60,2.51,24.00,0.04,2482,29706,4
2026-05-26T08:28:03,sana-wm,1st_data,mem_test,data-61,1.27,24.00,0.04,1456,30732,3
2026-05-26T08:29:16,sana-wm,1st_data,mem_test,data-62,1.52,24.00,0.05,1536,30652,0
2026-05-26T08:30:31,sana-wm,1st_data,mem_test,data-63,2.87,24.00,0.04,1576,30612,1
2026-05-26T08:31:47,sana-wm,1st_data,mem_test,data-64,3.12,24.00,0.04,1560,30628,0
2026-05-26T08:33:01,sana-wm,1st_data,mem_test,data-65,3.14,24.00,0.04,1571,30617,5
2026-05-26T08:34:18,sana-wm,1st_data,mem_test,data-66,1.90,24.00,0.04,1599,30589,0
2026-05-26T08:35:31,sana-wm,1st_data,mem_test,data-67,1.69,24.00,0.04,1645,30543,0
2026-05-26T08:36:45,sana-wm,1st_data,mem_test,data-68,4.89,24.00,0.04,1561,30627,2
2026-05-26T08:37:58,sana-wm,1st_data,mem_test,data-69,1.36,24.00,0.04,1548,30640,4
2026-05-26T08:39:11,sana-wm,1st_data,mem_test,data-70,1.61,24.00,0.04,1610,30578,0
2026-05-26T08:40:26,sana-wm,1st_data,mem_test,data-71,2.44,24.00,0.04,1633,30555,2
2026-05-26T08:41:41,sana-wm,1st_data,mem_test,data-72,7.60,24.00,0.04,1584,30604,3
2026-05-26T08:42:57,sana-wm,1st_data,mem_test,data-73,1.20,24.00,0.05,1595,30593,0
2026-05-26T08:44:09,sana-wm,1st_data,mem_test,data-74,2.93,24.00,0.04,1600,30588,0
2026-05-26T08:45:22,sana-wm,1st_data,mirror_test,data-25,2.29,24.00,0.05,1601,30587,3
2026-05-26T08:46:35,sana-wm,1st_data,mirror_test,data-26,1.94,24.00,0.05,1629,30559,2
2026-05-26T08:47:48,sana-wm,1st_data,mirror_test,data-27,2.23,24.00,0.05,1600,30588,1
2026-05-26T08:49:02,sana-wm,1st_data,mirror_test,data-28,2.06,24.00,0.05,1683,30505,1
2026-05-26T08:50:16,sana-wm,1st_data,mirror_test,data-29,2.91,24.00,0.05,1742,30446,0
2026-05-26T08:52:05,sana-wm,1st_data,mirror_test,data-30,2.59,24.00,0.05,1630,30558,1
2026-05-26T08:53:19,sana-wm,1st_data,mirror_test,data-31,1.15,24.00,0.05,1671,30517,0
2026-05-26T08:54:31,sana-wm,1st_data,mirror_test,data-32,1.79,24.00,0.05,1662,30526,0
2026-05-26T08:55:44,sana-wm,1st_data,mirror_test,data-33,1.39,24.00,0.05,1662,30526,0
2026-05-26T08:56:57,sana-wm,1st_data,mirror_test,data-34,2.23,24.00,0.05,1692,30496,3
2026-05-26T08:58:13,sana-wm,1st_data,mirror_test,data-35,1.97,24.00,0.05,1623,30565,0
2026-05-26T08:59:26,sana-wm,1st_data,mirror_test,data-36,2.45,24.00,0.05,1630,30558,1
2026-05-26T09:00:39,sana-wm,1st_data,mirror_test,data-37,0.78,24.00,0.05,1638,30550,2
2026-05-26T09:01:54,sana-wm,1st_data,mirror_test,data-38,4.36,24.00,0.05,1676,30512,2
2026-05-26T09:03:08,sana-wm,1st_data,mirror_test,data-39,2.93,24.00,0.05,1509,30679,0
2026-05-26T09:04:20,sana-wm,1st_data,mirror_test,data-40,3.34,24.00,0.04,1488,30700,0
2026-05-26T09:05:35,sana-wm,1st_data,mirror_test,data-41,3.51,24.00,0.05,1530,30658,1
2026-05-26T09:07:22,sana-wm,1st_data,mirror_test,data-42,1.24,24.00,0.04,1620,30568,2
2026-05-26T09:08:37,sana-wm,1st_data,mirror_test,data-43,2.40,24.00,0.05,1604,30584,3
2026-05-26T09:09:51,sana-wm,1st_data,mirror_test,data-44,2.45,24.00,0.05,1650,30538,0
2026-05-26T09:11:04,sana-wm,1st_data,mirror_test,data-45,2.34,24.00,0.05,1596,30592,0
2026-05-26T09:12:17,sana-wm,1st_data,mirror_test,data-46,2.67,24.00,0.05,1647,30541,0
2026-05-26T09:13:31,sana-wm,1st_data,mirror_test,data-47,5.02,24.00,0.05,1633,30555,0
2026-05-26T09:14:44,sana-wm,1st_data,mirror_test,data-48,2.31,24.00,0.05,1647,30541,2
2026-05-26T09:16:26,sana-wm,1st_data,mirror_test,data-49,1.78,24.00,0.05,1657,30531,1
2026-05-26T09:17:40,sana-wm,1st_data,mirror_test,data-50,2.83,24.00,0.05,1626,30562,2
2026-05-26T09:18:53,sana-wm,1st_data,mirror_test,data-51,3.16,24.00,0.05,1650,30538,1
2026-05-26T09:20:07,sana-wm,1st_data,mirror_test,data-52,4.69,24.00,0.05,1702,30486,0
2026-05-26T09:21:21,sana-wm,1st_data,mirror_test,data-53,3.34,24.00,0.05,1705,30483,0
2026-05-26T09:23:54,sana-wm,1st_data,mirror_test,data-54,1.81,24.00,0.05,2579,29609,0
2026-05-26T09:25:07,sana-wm,1st_data,mirror_test,data-55,1.43,24.00,0.05,5202,26986,0
2026-05-26T09:26:21,sana-wm,1st_data,mirror_test,data-56,1.21,24.00,0.05,5297,26891,2
2026-05-26T09:27:35,sana-wm,1st_data,mirror_test,data-57,2.43,24.00,0.05,8821,23367,1
2026-05-26T09:28:48,sana-wm,1st_data,mirror_test,data-58,1.86,24.00,0.05,8756,23432,1
2026-05-26T09:57:26,sana-wm,1st_data,mirror_test,data-59,2.61,24.00,0.05,12315,19873,2
2026-05-26T10:04:42,sana-wm,1st_data,mirror_test,data-60,2.11,24.00,0.05,10809,21379,68
2026-05-26T10:06:03,sana-wm,1st_data,mirror_test,data-61,1.96,24.00,0.05,13969,18219,10
2026-05-26T10:19:39,sana-wm,1st_data,mirror_test,data-62,2.70,24.00,0.05,10870,21318,1
2026-05-26T10:20:55,sana-wm,1st_data,mirror_test,data-63,2.83,24.00,0.05,10485,21703,8
2026-05-26T10:22:41,sana-wm,1st_data,mirror_test,data-64,2.57,24.00,0.05,10508,21680,9
2026-05-26T10:23:55,sana-wm,1st_data,mirror_test,data-65,3.84,24.00,0.05,10472,21716,7
2026-05-26T10:25:26,sana-wm,1st_data,mirror_test,data-66,1.68,24.00,0.04,2651,29537,1
2026-05-26T10:55:52,sana-wm,1st_data,mirror_test,data-67,2.86,24.00,0.05,1507,30681,1
2026-05-26T11:17:41,sana-wm,1st_data,mirror_test,data-68,3.53,24.00,0.05,10187,22001,1
2026-05-26T11:18:58,sana-wm,1st_data,mirror_test,data-69,1.53,24.00,0.05,10207,21981,1
2026-05-26T11:20:15,sana-wm,1st_data,mirror_test,data-70,1.25,24.00,0.05,10234,21954,8
2026-05-26T11:21:34,sana-wm,1st_data,mirror_test,data-71,3.37,24.00,0.05,10270,21918,0
2026-05-26T11:23:21,sana-wm,1st_data,mirror_test,data-72,2.32,24.00,0.05,10209,21979,10
2026-05-26T11:27:19,sana-wm,1st_data,mirror_test,data-73,1.00,24.00,0.05,2827,29361,2
2026-05-26T11:33:39,sana-wm,1st_data,mirror_test,data-74,3.35,24.00,0.05,840,31348,0
2026-05-28T12:07:33,sana-wm,3rd_data,action_space_test,data-142-0.8x-175,4.38,24.00,0.03,1813,30375,2
2026-05-28T12:09:27,sana-wm,3rd_data,action_space_test,data-143-1.0x-200,3.86,24.00,0.04,1731,30457,3
2026-05-28T12:10:42,sana-wm,3rd_data,action_space_test,data-144-1.0x-200,3.32,24.00,0.04,1824,30364,1
2026-05-28T12:11:56,sana-wm,3rd_data,action_space_test,data-145-1.2x-225,2.93,24.00,0.04,1788,30400,1
2026-05-28T12:13:11,sana-wm,3rd_data,action_space_test,data-146-1.4x-250,1.37,24.00,0.04,1767,30421,0
2026-05-28T12:15:06,sana-wm,3rd_data,action_space_test,data-147-0.8x-175,3.98,24.00,0.04,1800,30388,1
2026-05-28T12:16:22,sana-wm,3rd_data,action_space_test,data-148-0.6x-150,0.82,24.00,0.04,1743,30445,0
2026-05-28T12:17:38,sana-wm,3rd_data,action_space_test,data-149-1.0x-200,0.78,24.00,0.04,1754,30434,0
2026-05-28T12:18:54,sana-wm,3rd_data,mem_test,data-150,2.33,24.00,0.04,1756,30432,2
2026-05-28T12:20:09,sana-wm,3rd_data,mem_test,data-151,1.64,24.00,0.04,1736,30452,0
2026-05-28T12:21:22,sana-wm,3rd_data,mem_test,data-152,0.78,24.00,0.04,1727,30461,1
2026-05-28T12:22:36,sana-wm,3rd_data,mem_test,data-153,2.95,24.00,0.04,1759,30428,0
2026-05-28T12:23:50,sana-wm,3rd_data,mem_test,data-154,1.64,24.00,0.04,1836,30352,2
2026-05-28T12:25:04,sana-wm,3rd_data,mem_test,data-155,0.99,24.00,0.04,1754,30434,2
2026-05-28T12:26:19,sana-wm,3rd_data,mem_test,data-156,1.83,24.00,0.04,1788,30400,0
2026-05-28T12:27:33,sana-wm,3rd_data,mem_test,data-157,3.68,24.00,0.04,1779,30409,0
2026-05-28T12:29:22,sana-wm,3rd_data,mem_test,data-158,2.28,24.00,0.04,1786,30402,2
2026-05-28T12:30:37,sana-wm,3rd_data,mem_test,data-159,2.23,24.00,0.04,1790,30398,0
2026-05-28T12:31:57,sana-wm,3rd_data,mem_test,data-160,2.42,24.00,0.04,1732,30456,1
2026-05-28T12:33:11,sana-wm,3rd_data,mem_test,data-161,4.51,24.00,0.04,1684,30504,3
2026-05-28T12:34:26,sana-wm,3rd_data,mem_test,data-162,1.92,24.00,0.04,1811,30377,0
2026-05-28T12:35:40,sana-wm,3rd_data,mem_test,data-163,3.86,24.00,0.04,1830,30358,0
2026-05-28T12:36:53,sana-wm,3rd_data,mem_test,data-164,3.28,24.00,0.04,1715,30473,0
2026-05-28T12:38:06,sana-wm,3rd_data,mem_test,data-165,5.19,24.00,0.04,1732,30456,1
2026-05-28T12:39:22,sana-wm,3rd_data,mem_test,data-166,1.20,24.00,0.04,1833,30355,2
2026-05-28T12:40:38,sana-wm,3rd_data,mem_test,data-167,2.13,24.00,0.04,1856,30332,3
2026-05-28T12:41:53,sana-wm,3rd_data,mem_test,data-168,1.47,24.00,0.04,1827,30361,1
2026-05-28T12:43:12,sana-wm,3rd_data,mem_test,data-169,6.73,24.00,0.04,1857,30331,2
2026-05-28T12:45:03,sana-wm,3rd_data,mem_test,data-170,2.67,24.00,0.04,1803,30385,1
2026-05-28T12:46:19,sana-wm,3rd_data,mem_test,data-171,5.86,24.00,0.04,1945,30243,1
2026-05-28T12:47:35,sana-wm,3rd_data,mem_test,data-172,2.71,24.00,0.04,1898,30290,1
2026-05-28T12:48:50,sana-wm,3rd_data,mem_test,data-173,1.82,24.00,0.05,3813,28375,3
2026-05-28T12:53:14,sana-wm,3rd_data,mem_test,data-174,1.27,24.00,0.04,19034,13154,28
2026-05-28T12:54:30,sana-wm,3rd_data,mem_test,data-175,4.39,24.00,0.04,859,31328,2
2026-05-28T12:55:47,sana-wm,3rd_data,mem_test,data-176,2.37,24.00,0.05,936,31252,0
2026-05-28T12:57:01,sana-wm,3rd_data,mem_test,data-177,7.39,24.00,0.05,923,31265,0
2026-05-28T12:58:16,sana-wm,3rd_data,mem_test,data-178,7.11,24.00,0.04,970,31218,2
2026-05-28T13:00:04,sana-wm,3rd_data,mem_test,data-179,3.18,24.00,0.04,19477,12711,16
2026-05-28T13:05:21,sana-wm,3rd_data,mem_test,data-180,2.17,24.00,0.04,791,31397,0
2026-05-28T13:06:38,sana-wm,3rd_data,mem_test,data-181,4.72,24.00,0.04,787,31401,1
2026-05-28T13:07:55,sana-wm,3rd_data,mem_test,data-182,2.88,24.00,0.04,794,31394,0
2026-05-28T13:09:12,sana-wm,3rd_data,mem_test,data-183,3.12,24.00,0.04,1753,30435,0
2026-05-28T13:10:28,sana-wm,3rd_data,mem_test,data-184,1.87,24.00,0.04,1727,30461,0
2026-05-28T13:11:44,sana-wm,3rd_data,mem_test,data-185,1.66,24.00,0.04,1852,30336,1
2026-05-28T13:13:00,sana-wm,3rd_data,mem_test,data-186,5.73,24.00,0.04,1755,30432,0
2026-05-28T13:14:17,sana-wm,3rd_data,mem_test,data-187,3.93,24.00,0.04,1813,30375,0
2026-05-28T13:15:42,sana-wm,3rd_data,mem_test,data-188,5.12,24.00,0.04,1841,30347,0
2026-05-28T13:17:01,sana-wm,3rd_data,mem_test,data-189,4.86,24.00,0.04,1786,30402,3
2026-05-28T13:18:18,sana-wm,3rd_data,mem_test,data-190,2.44,24.00,0.05,1776,30412,0
2026-05-28T13:19:37,sana-wm,3rd_data,mem_test,data-191,3.61,24.00,0.04,1750,30438,1
2026-05-28T13:20:54,sana-wm,3rd_data,mem_test,data-192,3.34,24.00,0.04,1847,30341,0
2026-05-28T13:22:10,sana-wm,3rd_data,mem_test,data-193,6.13,24.00,0.04,1869,30319,3
2026-05-28T13:23:28,sana-wm,3rd_data,mem_test,data-194,2.71,24.00,0.04,1805,30383,2
2026-05-28T13:24:53,sana-wm,3rd_data,mem_test,data-195,3.10,24.00,0.05,1869,30319,2
2026-05-28T13:26:15,sana-wm,3rd_data,mem_test,data-196,4.33,24.00,0.04,2055,30133,1
2026-05-28T13:27:31,sana-wm,3rd_data,mem_test,data-197,6.30,24.00,0.04,1974,30214,0
2026-05-28T13:28:47,sana-wm,3rd_data,mem_test,data-198,2.61,24.00,0.04,1960,30228,2
2026-05-28T13:30:02,sana-wm,3rd_data,mem_test,data-199,1.66,24.00,0.04,1985,30203,5
2026-05-28T13:31:20,sana-wm,3rd_data,mirror_test,data-150,3.13,24.00,0.05,1956,30232,1
2026-05-28T13:32:46,sana-wm,3rd_data,mirror_test,data-151,2.08,24.00,0.05,1891,30297,3
2026-05-28T13:34:02,sana-wm,3rd_data,mirror_test,data-152,1.68,24.00,0.05,1856,30332,0
2026-05-28T13:35:17,sana-wm,3rd_data,mirror_test,data-153,2.77,24.00,0.04,1856,30332,0
2026-05-28T13:36:32,sana-wm,3rd_data,mirror_test,data-154,2.22,24.00,0.05,1797,30391,0
2026-05-28T13:37:47,sana-wm,3rd_data,mirror_test,data-155,1.50,24.00,0.04,1784,30404,0
2026-05-28T13:39:01,sana-wm,3rd_data,mirror_test,data-156,3.52,24.00,0.04,1806,30382,0
2026-05-28T13:40:15,sana-wm,3rd_data,mirror_test,data-157,3.18,24.00,0.05,1804,30384,0
2026-05-28T13:41:29,sana-wm,3rd_data,mirror_test,data-158,2.97,24.00,0.05,1804,30384,0
2026-05-28T13:42:44,sana-wm,3rd_data,mirror_test,data-159,2.30,24.00,0.05,1803,30385,3
2026-05-28T13:44:20,sana-wm,3rd_data,mirror_test,data-160,2.72,24.00,0.05,1803,30385,0
2026-05-28T13:45:54,sana-wm,3rd_data,mirror_test,data-161,2.72,24.00,0.04,1795,30393,0
2026-05-28T13:47:13,sana-wm,3rd_data,mirror_test,data-162,1.25,24.00,0.04,1790,30398,0
2026-05-28T13:48:30,sana-wm,3rd_data,mirror_test,data-163,2.75,24.00,0.04,1777,30411,1
2026-05-28T13:49:47,sana-wm,3rd_data,mirror_test,data-164,3.12,24.00,0.05,1771,30417,1
2026-05-28T13:51:02,sana-wm,3rd_data,mirror_test,data-165,1.57,24.00,0.05,1756,30432,2
2026-05-28T13:52:16,sana-wm,3rd_data,mirror_test,data-166,1.20,24.00,0.05,1756,30432,1
2026-05-28T13:53:29,sana-wm,3rd_data,mirror_test,data-167,1.41,24.00,0.05,1754,30434,0
2026-05-28T13:54:43,sana-wm,3rd_data,mirror_test,data-168,1.91,24.00,0.04,1754,30434,2
2026-05-28T13:55:57,sana-wm,3rd_data,mirror_test,data-169,4.44,24.00,0.05,1754,30434,0
2026-05-28T13:57:11,sana-wm,3rd_data,mirror_test,data-170,2.14,24.00,0.05,1753,30435,3
2026-05-28T13:58:25,sana-wm,3rd_data,mirror_test,data-171,3.39,24.00,0.04,1753,30435,0
2026-05-28T13:59:39,sana-wm,3rd_data,mirror_test,data-172,2.67,24.00,0.05,1752,30436,1
2026-05-28T14:00:52,sana-wm,3rd_data,mirror_test,data-173,2.33,24.00,0.05,1756,30432,0
2026-05-28T14:02:06,sana-wm,3rd_data,mirror_test,data-174,2.06,24.00,0.05,1755,30433,2
2026-05-28T14:03:20,sana-wm,3rd_data,mirror_test,data-175,2.64,24.00,0.05,1755,30433,1
2026-05-28T14:04:33,sana-wm,3rd_data,mirror_test,data-176,3.24,24.00,0.05,1755,30433,3
2026-05-28T14:05:47,sana-wm,3rd_data,mirror_test,data-177,4.51,24.00,0.05,1755,30433,0
2026-05-28T14:07:00,sana-wm,3rd_data,mirror_test,data-178,5.00,24.00,0.05,1755,30433,0
2026-05-28T14:08:14,sana-wm,3rd_data,mirror_test,data-179,2.68,24.00,0.05,1829,30359,3
2026-05-28T14:09:28,sana-wm,3rd_data,mirror_test,data-180,2.85,24.00,0.04,1829,30359,0
2026-05-28T14:10:42,sana-wm,3rd_data,mirror_test,data-181,2.80,24.00,0.05,1829,30359,0
2026-05-28T14:11:56,sana-wm,3rd_data,mirror_test,data-182,1.08,24.00,0.05,1828,30360,2
2026-05-28T14:13:10,sana-wm,3rd_data,mirror_test,data-183,2.49,24.00,0.04,1837,30351,0
2026-05-28T14:14:23,sana-wm,3rd_data,mirror_test,data-184,1.25,24.00,0.05,1839,30349,2
2026-05-28T14:15:37,sana-wm,3rd_data,mirror_test,data-185,3.22,24.00,0.05,1839,30349,0
2026-05-28T14:16:51,sana-wm,3rd_data,mirror_test,data-186,3.32,24.00,0.05,1838,30350,2
2026-05-28T14:18:06,sana-wm,3rd_data,mirror_test,data-187,2.91,24.00,0.04,1837,30351,1
2026-05-28T14:19:20,sana-wm,3rd_data,mirror_test,data-188,3.20,24.00,0.05,1838,30350,0
2026-05-28T14:20:34,sana-wm,3rd_data,mirror_test,data-189,3.66,24.00,0.05,1838,30350,0
2026-05-28T14:21:47,sana-wm,3rd_data,mirror_test,data-190,2.04,24.00,0.05,1838,30350,0
2026-05-28T14:23:02,sana-wm,3rd_data,mirror_test,data-191,3.20,24.00,0.05,1838,30350,0
2026-05-28T14:24:17,sana-wm,3rd_data,mirror_test,data-192,3.10,24.00,0.05,1837,30351,3
2026-05-28T14:25:31,sana-wm,3rd_data,mirror_test,data-193,4.84,24.00,0.04,1837,30351,0
2026-05-28T14:26:45,sana-wm,3rd_data,mirror_test,data-194,2.05,24.00,0.05,1837,30351,0
2026-05-28T14:27:59,sana-wm,3rd_data,mirror_test,data-195,2.66,24.00,0.05,1837,30351,0
2026-05-28T14:29:36,sana-wm,3rd_data,mirror_test,data-196,5.15,24.00,0.05,1837,30351,0
2026-05-28T14:31:02,sana-wm,3rd_data,mirror_test,data-197,5.12,24.00,0.05,1837,30351,0
2026-05-28T14:32:16,sana-wm,3rd_data,mirror_test,data-198,2.08,24.00,0.05,1837,30351,0
2026-05-28T14:33:30,sana-wm,3rd_data,mirror_test,data-199,1.16,24.00,0.04,1837,30351,2
2026-06-01T11:53:53,helios-i2v,1st_data,mem_test,data-25,0.14,24.00,0.02,1286,30902,2
2026-06-01T12:11:06,helios-i2v,1st_data,mem_test,data-26,0.70,24.00,0.01,1448,30740,0
2026-06-01T12:28:43,helios-i2v,1st_data,mem_test,data-27,0.16,24.00,0.00,1475,30712,1
2026-06-01T12:44:51,helios-i2v,1st_data,mem_test,data-28,0.14,24.00,0.01,1427,30761,0
2026-06-01T13:02:29,helios-i2v,1st_data,mem_test,data-29,0.36,24.00,0.02,1357,30831,2
2026-06-01T13:45:22,helios-i2v,1st_data,mem_test,data-28,0.36,24.00,0.01,1510,30678,6
2026-06-17T21:29:40,dreamx-world_ar,1st_data,action_space_test,data-0-1.0x-200,7.68,16.00,0.04,1328,30860,0
2026-06-17T21:29:41,dreamx-world_ar,1st_data,action_space_test,data-1-1.0x-200,8.03,16.00,0.05,1328,30860,0
2026-06-17T21:29:41,dreamx-world_ar,1st_data,action_space_test,data-10-0.8x-125,8.62,16.00,0.05,1328,30860,0
2026-06-17T21:29:41,dreamx-world_ar,1st_data,action_space_test,data-11-1.4x-250,8.28,16.00,0.05,1328,30860,0
2026-06-17T21:29:41,dreamx-world_ar,1st_data,action_space_test,data-12-1.2x-225,7.69,16.00,0.05,1328,30860,0
2026-06-17T21:29:41,dreamx-world_ar,1st_data,action_space_test,data-13-1.4x-250,9.60,16.00,0.05,1328,30860,0
2026-06-17T21:29:41,dreamx-world_ar,1st_data,action_space_test,data-14-0.8x-175,8.47,16.00,0.05,1328,30860,0
2026-06-17T21:29:41,dreamx-world_ar,1st_data,action_space_test,data-15-1.4x-250,9.21,16.00,0.05,1328,30860,0
2026-06-17T21:29:41,dreamx-world_ar,1st_data,action_space_test,data-16-0.6x-150,8.64,16.00,0.05,1328,30860,0
2026-06-17T21:29:41,dreamx-world_ar,1st_data,action_space_test,data-17-1.2x-225,9.07,16.00,0.05,1328,30860,0
2026-06-17T21:29:41,dreamx-world_ar,1st_data,action_space_test,data-18-1.2x-225,8.95,16.00,0.05,1328,30860,0
2026-06-17T21:29:41,dreamx-world_ar,1st_data,action_space_test,data-19-1.0x-200,11.35,16.00,0.05,1328,30860,0
2026-06-17T21:29:41,dreamx-world_ar,1st_data,action_space_test,data-2-0.6x-150,8.58,16.00,0.05,1328,30860,0
2026-06-17T21:29:41,dreamx-world_ar,1st_data,action_space_test,data-20-0.8x-175,8.06,16.00,0.05,1328,30860,0
2026-06-17T21:29:41,dreamx-world_ar,1st_data,action_space_test,data-21-1.0x-200,8.98,16.00,0.05,1328,30860,0
2026-06-17T21:29:42,dreamx-world_ar,1st_data,action_space_test,data-22-0.8x-175,8.86,16.00,0.05,1328,30860,0
2026-06-17T21:29:42,dreamx-world_ar,1st_data,action_space_test,data-23-0.6x-150,9.55,16.00,0.05,1328,30860,0
2026-06-17T21:29:42,dreamx-world_ar,1st_data,action_space_test,data-24-0.6x-150,10.29,16.00,0.05,1328,30860,0
2026-06-17T21:29:42,dreamx-world_ar,1st_data,action_space_test,data-3-1.0x-200,9.21,16.00,0.05,1328,30860,0
2026-06-17T21:29:42,dreamx-world_ar,1st_data,action_space_test,data-4-0.6x-150,7.95,16.00,0.05,1328,30860,0
2026-06-17T21:29:42,dreamx-world_ar,1st_data,action_space_test,data-5-0.8x-175,9.24,16.00,0.05,1328,30860,0
2026-06-17T21:29:42,dreamx-world_ar,1st_data,action_space_test,data-6-1.2x-225,8.84,16.00,0.05,1328,30860,0
2026-06-17T21:29:42,dreamx-world_ar,1st_data,action_space_test,data-7-1.4x-250,8.88,16.00,0.05,1328,30860,0
2026-06-17T21:29:42,dreamx-world_ar,1st_data,action_space_test,data-8-1.2x-225,7.72,16.00,0.05,1328,30860,0
2026-06-17T21:35:26,dreamx-world_ar,1st_data,action_space_test,data-9-1.4x-250,8.36,16.00,0.04,1318,30870,0
2026-06-17T21:35:26,dreamx-world_ar,1st_data,mem_test,data-25,7.05,16.00,0.05,1318,30870,0
2026-06-17T21:35:26,dreamx-world_ar,1st_data,mem_test,data-26,11.89,16.00,0.05,1318,30870,0
2026-06-18T09:14:15,dreamx-world_ar,1st_data,mem_test,data-27,7.04,16.00,0.02,688,31500,5
2026-06-18T09:14:15,dreamx-world_ar,1st_data,mem_test,data-28,7.79,16.00,0.03,703,31485,5
2026-06-18T09:14:15,dreamx-world_ar,1st_data,mem_test,data-29,8.64,16.00,0.03,700,31488,5
2026-06-18T09:14:15,dreamx-world_ar,1st_data,mem_test,data-30,9.40,16.00,0.03,700,31488,5
2026-06-18T09:14:15,dreamx-world_ar,1st_data,mem_test,data-31,8.97,16.00,0.03,700,31488,3
2026-06-18T09:14:15,dreamx-world_ar,1st_data,mem_test,data-32,10.78,16.00,0.03,700,31488,3
2026-06-18T09:14:15,dreamx-world_ar,1st_data,mem_test,data-33,8.20,16.00,0.03,700,31488,3
2026-06-18T09:14:15,dreamx-world_ar,1st_data,mem_test,data-34,12.17,16.00,0.03,700,31488,3
2026-06-18T09:14:15,dreamx-world_ar,1st_data,mem_test,data-35,9.09,16.00,0.03,700,31488,3
2026-06-18T09:14:15,dreamx-world_ar,1st_data,mem_test,data-36,7.57,16.00,0.03,700,31488,3
2026-06-18T09:14:15,dreamx-world_ar,1st_data,mem_test,data-37,9.57,16.00,0.03,699,31489,3
2026-06-18T09:14:15,dreamx-world_ar,1st_data,mem_test,data-38,17.76,16.00,0.03,699,31489,3
2026-06-18T09:14:15,dreamx-world_ar,1st_data,mem_test,data-39,11.11,16.00,0.03,696,31492,2
2026-06-18T09:14:16,dreamx-world_ar,1st_data,mem_test,data-40,9.76,16.00,0.03,696,31492,2
2026-06-18T09:14:16,dreamx-world_ar,1st_data,mem_test,data-41,15.37,16.00,0.03,696,31492,2
2026-06-18T09:14:16,dreamx-world_ar,1st_data,mem_test,data-42,7.40,16.00,0.03,703,31485,2
2026-06-18T09:14:16,dreamx-world_ar,1st_data,mem_test,data-43,8.02,16.00,0.03,718,31470,2
2026-06-18T09:14:16,dreamx-world_ar,1st_data,mem_test,data-44,8.32,16.00,0.03,718,31470,2
2026-06-18T09:14:16,dreamx-world_ar,1st_data,mem_test,data-45,9.64,16.00,0.03,718,31470,2
2026-06-18T09:14:16,dreamx-world_ar,1st_data,mem_test,data-46,7.27,16.00,0.03,717,31471,2
2026-06-18T09:14:16,dreamx-world_ar,1st_data,mem_test,data-47,14.04,16.00,0.03,717,31471,9
2026-06-18T09:14:16,dreamx-world_ar,1st_data,mem_test,data-48,10.06,16.00,0.03,717,31471,9
2026-06-18T09:14:16,dreamx-world_ar,1st_data,mem_test,data-49,7.88,16.00,0.03,717,31471,9
2026-06-18T09:14:16,dreamx-world_ar,1st_data,mem_test,data-50,8.35,16.00,0.03,717,31471,9
2026-06-18T09:14:16,dreamx-world_ar,1st_data,mem_test,data-51,9.74,16.00,0.03,717,31471,9
2026-06-18T09:14:16,dreamx-world_ar,1st_data,mem_test,data-52,12.06,16.00,0.03,717,31471,9
2026-06-18T09:14:16,dreamx-world_ar,1st_data,mem_test,data-53,8.50,16.00,0.03,717,31471,9
2026-06-18T09:14:16,dreamx-world_ar,1st_data,mem_test,data-54,5.75,16.00,0.03,717,31471,6
2026-06-18T09:14:17,dreamx-world_ar,1st_data,mem_test,data-55,7.45,16.00,0.03,717,31471,6
2026-06-18T09:14:17,dreamx-world_ar,1st_data,mem_test,data-56,7.08,16.00,0.03,723,31465,6
2026-06-18T09:14:17,dreamx-world_ar,1st_data,mem_test,data-57,10.23,16.00,0.03,723,31465,6
2026-06-18T09:14:17,dreamx-world_ar,1st_data,mem_test,data-58,7.48,16.00,0.03,724,31464,6
2026-06-18T09:14:17,dreamx-world_ar,1st_data,mem_test,data-59,13.02,16.00,0.03,708,31480,6
2026-06-18T09:14:17,dreamx-world_ar,1st_data,mem_test,data-60,8.25,16.00,0.03,728,31460,6
2026-06-18T09:14:17,dreamx-world_ar,1st_data,mem_test,data-61,8.99,16.00,0.03,728,31460,10
2026-06-18T09:14:17,dreamx-world_ar,1st_data,mem_test,data-62,10.76,16.00,0.03,728,31460,10
2026-06-18T09:14:17,dreamx-world_ar,1st_data,mem_test,data-63,10.30,16.00,0.03,728,31460,10
2026-06-18T09:14:17,dreamx-world_ar,1st_data,mem_test,data-64,7.97,16.00,0.03,728,31460,10
2026-06-18T09:14:17,dreamx-world_ar,1st_data,mem_test,data-65,8.24,16.00,0.03,728,31460,10
2026-06-18T09:14:17,dreamx-world_ar,1st_data,mem_test,data-66,9.88,16.00,0.03,728,31460,10
2026-06-18T09:14:17,dreamx-world_ar,1st_data,mem_test,data-67,11.73,16.00,0.03,728,31460,10
2026-06-18T09:14:17,dreamx-world_ar,1st_data,mem_test,data-68,12.53,16.00,0.03,732,31456,10
2026-06-18T09:14:17,dreamx-world_ar,1st_data,mem_test,data-69,8.61,16.00,0.03,732,31456,7
2026-06-18T09:14:18,dreamx-world_ar,1st_data,mem_test,data-70,8.95,16.00,0.03,734,31454,7
2026-06-18T09:14:18,dreamx-world_ar,1st_data,mem_test,data-71,8.36,16.00,0.03,734,31454,7
2026-06-18T09:14:18,dreamx-world_ar,1st_data,mem_test,data-72,16.39,16.00,0.03,734,31454,7
2026-06-18T09:14:18,dreamx-world_ar,1st_data,mem_test,data-73,6.83,16.00,0.03,720,31468,7
2026-06-18T09:14:18,dreamx-world_ar,1st_data,mem_test,data-74,8.06,16.00,0.03,720,31468,7
2026-06-18T09:14:18,dreamx-world_ar,1st_data,mirror_test,data-25,6.50,16.00,0.03,720,31468,7
2026-06-18T09:14:18,dreamx-world_ar,1st_data,mirror_test,data-26,10.00,16.00,0.03,720,31468,7
2026-06-18T09:14:18,dreamx-world_ar,1st_data,mirror_test,data-27,6.75,16.00,0.03,720,31468,3
2026-06-18T09:14:18,dreamx-world_ar,1st_data,mirror_test,data-28,6.82,16.00,0.03,720,31468,3
2026-06-18T09:14:18,dreamx-world_ar,1st_data,mirror_test,data-29,8.26,16.00,0.03,720,31468,3
2026-06-18T09:14:18,dreamx-world_ar,1st_data,mirror_test,data-30,9.28,16.00,0.03,720,31468,3
2026-06-18T09:14:18,dreamx-world_ar,1st_data,mirror_test,data-31,6.93,16.00,0.03,733,31455,3
2026-06-18T09:14:18,dreamx-world_ar,1st_data,mirror_test,data-32,9.89,16.00,0.03,732,31456,3
2026-06-18T09:14:18,dreamx-world_ar,1st_data,mirror_test,data-33,6.96,16.00,0.03,729,31459,3
2026-06-18T09:14:18,dreamx-world_ar,1st_data,mirror_test,data-34,10.15,16.00,0.03,729,31459,3
2026-06-18T09:14:18,dreamx-world_ar,1st_data,mirror_test,data-35,8.41,16.00,0.03,729,31459,6
2026-06-18T09:14:19,dreamx-world_ar,1st_data,mirror_test,data-36,6.93,16.00,0.03,740,31448,6
2026-06-18T09:14:19,dreamx-world_ar,1st_data,mirror_test,data-37,5.91,16.00,0.03,741,31447,6
2026-06-18T09:14:19,dreamx-world_ar,1st_data,mirror_test,data-38,15.71,16.00,0.03,741,31447,6
2026-06-18T09:14:19,dreamx-world_ar,1st_data,mirror_test,data-39,11.53,16.00,0.03,741,31447,6
2026-06-18T09:14:19,dreamx-world_ar,1st_data,mirror_test,data-40,10.78,16.00,0.03,745,31443,6
2026-06-18T09:14:19,dreamx-world_ar,1st_data,mirror_test,data-41,13.83,16.00,0.03,745,31443,6
2026-06-18T09:14:19,dreamx-world_ar,1st_data,mirror_test,data-42,6.62,16.00,0.03,745,31443,9
2026-06-18T09:14:19,dreamx-world_ar,1st_data,mirror_test,data-43,7.19,16.00,0.03,745,31443,9
2026-06-18T09:14:19,dreamx-world_ar,1st_data,mirror_test,data-44,7.97,16.00,0.03,745,31443,9
2026-06-18T09:14:19,dreamx-world_ar,1st_data,mirror_test,data-45,8.45,16.00,0.03,745,31443,9
2026-06-18T09:14:19,dreamx-world_ar,1st_data,mirror_test,data-46,7.46,16.00,0.03,745,31443,9
2026-06-18T09:14:19,dreamx-world_ar,1st_data,mirror_test,data-47,13.43,16.00,0.03,745,31443,9
2026-06-18T09:14:19,dreamx-world_ar,1st_data,mirror_test,data-48,7.93,16.00,0.03,745,31443,9
2026-06-18T09:14:19,dreamx-world_ar,1st_data,mirror_test,data-49,7.32,16.00,0.03,745,31443,6
2026-06-18T09:14:20,dreamx-world_ar,1st_data,mirror_test,data-50,8.02,16.00,0.03,745,31443,6
2026-06-18T09:14:20,dreamx-world_ar,1st_data,mirror_test,data-51,9.05,16.00,0.03,767,31421,6
2026-06-18T09:14:20,dreamx-world_ar,1st_data,mirror_test,data-52,9.06,16.00,0.03,767,31421,6
2026-06-18T09:14:20,dreamx-world_ar,1st_data,mirror_test,data-53,8.21,16.00,0.03,767,31421,6
2026-06-18T09:14:20,dreamx-world_ar,1st_data,mirror_test,data-54,6.11,16.00,0.03,767,31421,6
2026-06-18T09:14:20,dreamx-world_ar,1st_data,mirror_test,data-55,6.61,16.00,0.03,767,31421,6
2026-06-18T09:14:20,dreamx-world_ar,1st_data,mirror_test,data-56,6.29,16.00,0.03,767,31421,6
2026-06-18T09:14:20,dreamx-world_ar,1st_data,mirror_test,data-57,9.33,16.00,0.03,767,31421,6
2026-06-18T09:14:20,dreamx-world_ar,1st_data,mirror_test,data-58,6.56,16.00,0.03,768,31420,6
2026-06-18T09:14:20,dreamx-world_ar,1st_data,mirror_test,data-59,12.02,16.00,0.03,768,31420,6
2026-06-18T09:14:20,dreamx-world_ar,1st_data,mirror_test,data-60,7.09,16.00,0.03,768,31420,6
2026-06-18T09:14:20,dreamx-world_ar,1st_data,mirror_test,data-61,7.66,16.00,0.03,753,31435,6
2026-06-18T09:14:20,dreamx-world_ar,1st_data,mirror_test,data-62,11.64,16.00,0.03,751,31437,6
2026-06-18T09:14:20,dreamx-world_ar,1st_data,mirror_test,data-63,9.57,16.00,0.03,750,31438,6
2026-06-18T09:14:20,dreamx-world_ar,1st_data,mirror_test,data-64,7.76,16.00,0.03,749,31439,5
2026-06-18T09:14:21,dreamx-world_ar,1st_data,mirror_test,data-65,10.33,16.00,0.03,745,31443,5
2026-06-18T09:14:21,dreamx-world_ar,1st_data,mirror_test,data-66,8.33,16.00,0.03,736,31452,5
2026-06-18T09:14:21,dreamx-world_ar,1st_data,mirror_test,data-67,11.49,16.00,0.03,732,31456,5
2026-06-18T09:14:21,dreamx-world_ar,1st_data,mirror_test,data-68,13.49,16.00,0.03,732,31456,5
2026-06-18T09:14:21,dreamx-world_ar,1st_data,mirror_test,data-69,7.31,16.00,0.03,731,31457,5
2026-06-18T09:14:21,dreamx-world_ar,1st_data,mirror_test,data-70,7.72,16.00,0.03,748,31440,5
2026-06-18T09:14:21,dreamx-world_ar,1st_data,mirror_test,data-71,8.12,16.00,0.03,751,31437,7
2026-06-18T09:14:21,dreamx-world_ar,1st_data,mirror_test,data-72,10.76,16.00,0.03,748,31440,7
2026-06-18T09:14:21,dreamx-world_ar,1st_data,mirror_test,data-73,6.20,16.00,0.03,748,31440,7
2026-06-18T09:14:21,dreamx-world_ar,1st_data,mirror_test,data-74,7.38,16.00,0.03,748,31440,7
2026-06-18T11:19:47,dreamx-world_ar,3rd_data,action_space_test,data-125-0.8x-175,14.65,16.00,0.05,643,31545,2
2026-06-18T11:19:47,dreamx-world_ar,3rd_data,action_space_test,data-126-1.2x-225,12.76,16.00,0.05,643,31545,2
2026-06-18T11:19:47,dreamx-world_ar,3rd_data,action_space_test,data-127-1.4x-250,9.76,16.00,0.05,643,31545,2
2026-06-18T11:19:47,dreamx-world_ar,3rd_data,action_space_test,data-128-1.4x-250,14.85,16.00,0.05,643,31545,2
2026-06-18T11:19:47,dreamx-world_ar,3rd_data,action_space_test,data-129-0.6x-150,13.40,16.00,0.05,643,31545,2
2026-06-18T11:19:47,dreamx-world_ar,3rd_data,action_space_test,data-130-1.0x-200,13.65,16.00,0.05,643,31545,2
2026-06-18T11:19:47,dreamx-world_ar,3rd_data,action_space_test,data-131-1.4x-250,11.38,16.00,0.05,638,31550,0
2026-06-18T11:19:47,dreamx-world_ar,3rd_data,action_space_test,data-132-0.6x-150,10.48,16.00,0.05,653,31535,0
2026-06-18T11:19:47,dreamx-world_ar,3rd_data,action_space_test,data-133-0.8x-175,9.53,16.00,0.05,650,31538,0
2026-06-18T11:19:48,dreamx-world_ar,3rd_data,action_space_test,data-134-0.8x-175,10.17,16.00,0.05,650,31538,0
2026-06-18T11:19:48,dreamx-world_ar,3rd_data,action_space_test,data-135-0.6x-150,14.48,16.00,0.05,650,31538,0
2026-06-18T11:19:48,dreamx-world_ar,3rd_data,action_space_test,data-136-1.4x-250,16.54,16.00,0.05,662,31526,0
2026-06-18T11:19:48,dreamx-world_ar,3rd_data,action_space_test,data-137-1.2x-225,10.21,16.00,0.05,662,31526,0
2026-06-18T11:19:48,dreamx-world_ar,3rd_data,action_space_test,data-138-1.0x-200,15.34,16.00,0.05,662,31526,2
2026-06-18T11:19:48,dreamx-world_ar,3rd_data,action_space_test,data-139-0.8x-175,13.86,16.00,0.05,662,31526,2
2026-06-18T11:19:48,dreamx-world_ar,3rd_data,action_space_test,data-140-1.2x-225,15.15,16.00,0.05,664,31524,2
2026-06-18T11:19:48,dreamx-world_ar,3rd_data,action_space_test,data-141-1.2x-225,10.22,16.00,0.05,664,31524,2
2026-06-18T11:19:48,dreamx-world_ar,3rd_data,action_space_test,data-142-0.8x-175,11.78,16.00,0.05,664,31524,2
2026-06-18T11:19:48,dreamx-world_ar,3rd_data,action_space_test,data-143-1.0x-200,9.85,16.00,0.05,664,31524,2
2026-06-18T11:19:48,dreamx-world_ar,3rd_data,action_space_test,data-144-1.0x-200,11.44,16.00,0.05,664,31524,2
2026-06-18T11:19:48,dreamx-world_ar,3rd_data,action_space_test,data-145-1.2x-225,9.10,16.00,0.05,664,31524,2
2026-06-18T11:19:48,dreamx-world_ar,3rd_data,action_space_test,data-146-1.4x-250,10.07,16.00,0.05,663,31525,1
2026-06-18T11:19:48,dreamx-world_ar,3rd_data,action_space_test,data-147-0.8x-175,10.22,16.00,0.05,647,31541,1
2026-06-18T11:19:48,dreamx-world_ar,3rd_data,action_space_test,data-148-0.6x-150,9.68,16.00,0.05,647,31541,1
2026-06-18T11:19:49,dreamx-world_ar,3rd_data,action_space_test,data-149-1.0x-200,9.06,16.00,0.05,647,31541,1
2026-06-18T11:19:49,dreamx-world_ar,3rd_data,mem_test,data-150,11.53,16.00,0.05,662,31526,1
2026-06-18T11:19:49,dreamx-world_ar,3rd_data,mem_test,data-151,9.62,16.00,0.05,677,31511,1
2026-06-18T11:19:49,dreamx-world_ar,3rd_data,mem_test,data-152,8.82,16.00,0.05,692,31496,1
2026-06-18T11:19:49,dreamx-world_ar,3rd_data,mem_test,data-153,10.58,16.00,0.05,692,31496,1
2026-06-18T11:19:49,dreamx-world_ar,3rd_data,mem_test,data-154,9.37,16.00,0.05,692,31496,1
2026-06-18T11:19:49,dreamx-world_ar,3rd_data,mem_test,data-155,8.87,16.00,0.05,692,31496,1
2026-06-18T11:19:49,dreamx-world_ar,3rd_data,mem_test,data-156,10.90,16.00,0.05,692,31496,1
2026-06-18T11:19:49,dreamx-world_ar,3rd_data,mem_test,data-157,11.50,16.00,0.05,692,31496,1
2026-06-18T11:19:49,dreamx-world_ar,3rd_data,mem_test,data-158,12.47,16.00,0.05,692,31496,1
2026-06-18T11:19:49,dreamx-world_ar,3rd_data,mem_test,data-159,10.64,16.00,0.05,692,31496,1
2026-06-18T11:19:49,dreamx-world_ar,3rd_data,mem_test,data-160,9.26,16.00,0.05,692,31496,1
2026-06-18T11:19:49,dreamx-world_ar,3rd_data,mem_test,data-161,13.00,16.00,0.05,692,31496,1
2026-06-18T11:19:49,dreamx-world_ar,3rd_data,mem_test,data-162,16.18,16.00,0.05,692,31496,0
2026-06-18T11:19:49,dreamx-world_ar,3rd_data,mem_test,data-163,9.88,16.00,0.05,692,31496,0
2026-06-18T11:19:49,dreamx-world_ar,3rd_data,mem_test,data-164,9.21,16.00,0.05,692,31496,0
2026-06-18T11:19:50,dreamx-world_ar,3rd_data,mem_test,data-165,10.83,16.00,0.05,692,31496,0
2026-06-18T11:19:50,dreamx-world_ar,3rd_data,mem_test,data-166,12.74,16.00,0.05,692,31496,0
2026-06-18T11:19:50,dreamx-world_ar,3rd_data,mem_test,data-167,7.49,16.00,0.05,692,31496,0
2026-06-18T11:19:50,dreamx-world_ar,3rd_data,mem_test,data-168,7.10,16.00,0.05,692,31496,0
2026-06-18T11:19:50,dreamx-world_ar,3rd_data,mem_test,data-169,14.69,16.00,0.05,692,31496,1
2026-06-18T11:19:50,dreamx-world_ar,3rd_data,mem_test,data-170,10.40,16.00,0.05,692,31496,1
2026-06-18T11:19:50,dreamx-world_ar,3rd_data,mem_test,data-171,13.64,16.00,0.05,692,31496,1
2026-06-18T11:19:50,dreamx-world_ar,3rd_data,mem_test,data-172,10.44,16.00,0.05,692,31496,1
2026-06-18T11:19:50,dreamx-world_ar,3rd_data,mem_test,data-173,7.65,16.00,0.05,692,31496,1
2026-06-18T11:19:50,dreamx-world_ar,3rd_data,mem_test,data-174,6.72,16.00,0.05,692,31496,1
2026-06-18T11:19:50,dreamx-world_ar,3rd_data,mem_test,data-175,8.84,16.00,0.05,692,31496,1
2026-06-18T11:19:50,dreamx-world_ar,3rd_data,mem_test,data-176,10.72,16.00,0.05,692,31496,1
2026-06-18T11:19:50,dreamx-world_ar,3rd_data,mem_test,data-177,13.01,16.00,0.05,691,31497,0
2026-06-18T11:19:50,dreamx-world_ar,3rd_data,mem_test,data-178,15.39,16.00,0.05,691,31497,0
2026-06-18T11:19:50,dreamx-world_ar,3rd_data,mem_test,data-179,9.58,16.00,0.05,691,31497,0
2026-06-18T11:19:51,dreamx-world_ar,3rd_data,mem_test,data-180,8.69,16.00,0.05,691,31497,0
2026-06-18T11:19:51,dreamx-world_ar,3rd_data,mem_test,data-181,11.17,16.00,0.05,691,31497,0
2026-06-18T11:19:51,dreamx-world_ar,3rd_data,mem_test,data-182,11.62,16.00,0.05,691,31497,0
2026-06-18T11:19:51,dreamx-world_ar,3rd_data,mem_test,data-183,9.26,16.00,0.05,691,31497,0
2026-06-18T11:19:51,dreamx-world_ar,3rd_data,mem_test,data-184,8.73,16.00,0.05,691,31497,0
2026-06-18T11:19:51,dreamx-world_ar,3rd_data,mem_test,data-185,7.75,16.00,0.05,691,31497,0
2026-06-18T11:19:51,dreamx-world_ar,3rd_data,mem_test,data-186,14.72,16.00,0.05,691,31497,0
2026-06-18T11:19:51,dreamx-world_ar,3rd_data,mem_test,data-187,8.94,16.00,0.05,691,31497,0
2026-06-18T11:19:51,dreamx-world_ar,3rd_data,mem_test,data-188,8.82,16.00,0.05,691,31497,0
2026-06-18T11:19:51,dreamx-world_ar,3rd_data,mem_test,data-189,12.05,16.00,0.05,691,31497,0
2026-06-18T11:19:51,dreamx-world_ar,3rd_data,mem_test,data-190,8.64,16.00,0.05,691,31497,0
2026-06-18T11:19:51,dreamx-world_ar,3rd_data,mem_test,data-191,8.79,16.00,0.05,691,31497,0
2026-06-18T11:19:51,dreamx-world_ar,3rd_data,mem_test,data-192,11.80,16.00,0.05,691,31497,0
2026-06-18T11:19:51,dreamx-world_ar,3rd_data,mem_test,data-193,13.43,16.00,0.05,691,31497,0
2026-06-18T11:19:51,dreamx-world_ar,3rd_data,mem_test,data-194,8.93,16.00,0.05,690,31498,0
2026-06-18T11:19:52,dreamx-world_ar,3rd_data,mem_test,data-195,10.70,16.00,0.05,689,31499,0
2026-06-18T11:19:52,dreamx-world_ar,3rd_data,mem_test,data-196,14.62,16.00,0.05,689,31499,0
2026-06-18T11:19:52,dreamx-world_ar,3rd_data,mem_test,data-197,13.27,16.00,0.05,689,31499,0
2026-06-18T11:19:52,dreamx-world_ar,3rd_data,mem_test,data-198,8.44,16.00,0.05,689,31499,0
2026-06-18T11:19:52,dreamx-world_ar,3rd_data,mem_test,data-199,13.29,16.00,0.05,689,31499,0
2026-06-18T11:19:52,dreamx-world_ar,3rd_data,mirror_test,data-150,9.23,16.00,0.05,689,31499,0
2026-06-18T11:19:52,dreamx-world_ar,3rd_data,mirror_test,data-151,7.62,16.00,0.05,689,31499,0
2026-06-18T11:19:52,dreamx-world_ar,3rd_data,mirror_test,data-152,8.21,16.00,0.05,689,31499,0
2026-06-18T11:19:52,dreamx-world_ar,3rd_data,mirror_test,data-153,8.85,16.00,0.05,688,31500,0
2026-06-18T11:19:52,dreamx-world_ar,3rd_data,mirror_test,data-154,8.82,16.00,0.05,688,31500,0
2026-06-18T11:19:52,dreamx-world_ar,3rd_data,mirror_test,data-155,8.11,16.00,0.05,688,31500,0
2026-06-18T11:19:52,dreamx-world_ar,3rd_data,mirror_test,data-156,9.66,16.00,0.05,688,31500,0
2026-06-18T11:19:52,dreamx-world_ar,3rd_data,mirror_test,data-157,9.99,16.00,0.05,688,31500,0
2026-06-18T11:19:52,dreamx-world_ar,3rd_data,mirror_test,data-158,10.12,16.00,0.05,688,31500,0
2026-06-18T11:19:52,dreamx-world_ar,3rd_data,mirror_test,data-159,9.19,16.00,0.05,688,31500,0
2026-06-18T11:19:53,dreamx-world_ar,3rd_data,mirror_test,data-160,11.11,16.00,0.05,688,31500,0
2026-06-18T11:19:53,dreamx-world_ar,3rd_data,mirror_test,data-161,9.18,16.00,0.05,688,31500,0
2026-06-18T11:19:53,dreamx-world_ar,3rd_data,mirror_test,data-162,10.65,16.00,0.05,688,31500,0
2026-06-18T11:19:53,dreamx-world_ar,3rd_data,mirror_test,data-163,8.21,16.00,0.05,672,31516,0
2026-06-18T11:19:53,dreamx-world_ar,3rd_data,mirror_test,data-164,10.23,16.00,0.05,672,31516,0
2026-06-18T11:19:53,dreamx-world_ar,3rd_data,mirror_test,data-165,8.62,16.00,0.05,672,31516,1
2026-06-18T11:19:53,dreamx-world_ar,3rd_data,mirror_test,data-166,10.26,16.00,0.05,672,31516,1
2026-06-18T11:19:53,dreamx-world_ar,3rd_data,mirror_test,data-167,7.14,16.00,0.05,672,31516,1
2026-06-18T11:19:53,dreamx-world_ar,3rd_data,mirror_test,data-168,6.71,16.00,0.05,672,31516,1
2026-06-18T11:19:53,dreamx-world_ar,3rd_data,mirror_test,data-169,10.96,16.00,0.05,672,31516,1
2026-06-18T11:19:53,dreamx-world_ar,3rd_data,mirror_test,data-170,9.29,16.00,0.05,672,31516,1
2026-06-18T11:19:53,dreamx-world_ar,3rd_data,mirror_test,data-171,11.19,16.00,0.05,672,31516,1
2026-06-18T11:19:53,dreamx-world_ar,3rd_data,mirror_test,data-172,8.07,16.00,0.05,672,31516,1
2026-06-18T11:19:53,dreamx-world_ar,3rd_data,mirror_test,data-173,7.85,16.00,0.05,672,31516,0
2026-06-18T11:19:53,dreamx-world_ar,3rd_data,mirror_test,data-174,6.20,16.00,0.05,671,31517,0
2026-06-18T11:19:53,dreamx-world_ar,3rd_data,mirror_test,data-175,8.80,16.00,0.05,671,31517,0
2026-06-18T11:19:54,dreamx-world_ar,3rd_data,mirror_test,data-176,11.11,16.00,0.05,671,31517,0
2026-06-18T11:19:54,dreamx-world_ar,3rd_data,mirror_test,data-177,14.50,16.00,0.05,671,31517,0
2026-06-18T11:19:54,dreamx-world_ar,3rd_data,mirror_test,data-178,14.27,16.00,0.05,671,31517,0
2026-06-18T11:19:54,dreamx-world_ar,3rd_data,mirror_test,data-179,8.31,16.00,0.05,671,31517,0
2026-06-18T11:19:54,dreamx-world_ar,3rd_data,mirror_test,data-180,8.13,16.00,0.05,671,31517,0
2026-06-18T11:19:54,dreamx-world_ar,3rd_data,mirror_test,data-181,10.32,16.00,0.05,671,31517,0
2026-06-18T11:19:54,dreamx-world_ar,3rd_data,mirror_test,data-182,8.04,16.00,0.05,671,31517,0
2026-06-18T11:19:54,dreamx-world_ar,3rd_data,mirror_test,data-183,9.77,16.00,0.05,669,31519,0
2026-06-18T11:19:54,dreamx-world_ar,3rd_data,mirror_test,data-184,8.09,16.00,0.05,669,31519,0
2026-06-18T11:19:54,dreamx-world_ar,3rd_data,mirror_test,data-185,7.98,16.00,0.05,669,31519,0
2026-06-18T11:19:54,dreamx-world_ar,3rd_data,mirror_test,data-186,11.89,16.00,0.05,669,31519,0
2026-06-18T11:19:54,dreamx-world_ar,3rd_data,mirror_test,data-187,10.60,16.00,0.05,669,31519,0
2026-06-18T11:19:54,dreamx-world_ar,3rd_data,mirror_test,data-188,8.42,16.00,0.05,669,31519,0
2026-06-18T11:19:54,dreamx-world_ar,3rd_data,mirror_test,data-189,10.16,16.00,0.05,669,31519,0
2026-06-18T11:19:54,dreamx-world_ar,3rd_data,mirror_test,data-190,7.69,16.00,0.05,669,31519,0
2026-06-18T11:19:54,dreamx-world_ar,3rd_data,mirror_test,data-191,8.13,16.00,0.05,669,31519,0
2026-06-18T11:19:55,dreamx-world_ar,3rd_data,mirror_test,data-192,9.75,16.00,0.05,669,31519,0
2026-06-18T11:19:55,dreamx-world_ar,3rd_data,mirror_test,data-193,12.59,16.00,0.05,669,31519,0
2026-06-18T11:19:55,dreamx-world_ar,3rd_data,mirror_test,data-194,8.59,16.00,0.05,669,31519,0
2026-06-18T11:19:55,dreamx-world_ar,3rd_data,mirror_test,data-195,9.82,16.00,0.05,669,31519,0
2026-06-18T11:19:55,dreamx-world_ar,3rd_data,mirror_test,data-196,16.76,16.00,0.05,669,31519,0
2026-06-18T11:19:55,dreamx-world_ar,3rd_data,mirror_test,data-197,10.98,16.00,0.05,669,31519,0
2026-06-18T11:19:55,dreamx-world_ar,3rd_data,mirror_test,data-198,7.76,16.00,0.05,669,31519,0
2026-06-18T11:19:55,dreamx-world_ar,3rd_data,mirror_test,data-199,9.98,16.00,0.05,669,31519,0
2026-06-23T11:01:40,hy-worldplay,1st_data,action_space_test,data-0-1.0x-200,0.11,24.00,0.04,608,31580,2
2026-06-23T11:40:53,hy-worldplay,1st_data,action_space_test,data-1-1.0x-200,0.15,24.00,0.04,569,31619,4
2026-06-23T11:46:05,hy-worldplay,1st_data,action_space_test,data-10-0.8x-125,0.10,24.00,0.00,710,31478,5
2026-06-23T11:51:22,hy-worldplay,1st_data,action_space_test,data-11-1.4x-250,0.11,24.00,0.02,677,31511,4
2026-06-23T11:56:58,hy-worldplay,1st_data,action_space_test,data-12-1.2x-225,0.13,24.00,0.02,760,31428,3
2026-06-23T12:02:05,hy-worldplay,1st_data,action_space_test,data-13-1.4x-250,0.21,24.00,0.02,696,31492,1
2026-06-23T12:08:10,hy-worldplay,1st_data,action_space_test,data-14-0.8x-175,0.12,24.00,0.02,803,31385,10
2026-06-23T12:13:17,hy-worldplay,1st_data,action_space_test,data-15-1.4x-250,0.24,24.00,0.03,645,31543,4
2026-06-23T12:18:53,hy-worldplay,1st_data,action_space_test,data-16-0.6x-150,0.12,24.00,0.03,666,31522,4
2026-06-23T12:24:45,hy-worldplay,1st_data,action_space_test,data-17-1.2x-225,0.19,24.00,0.03,694,31494,2
2026-06-23T12:31:09,hy-worldplay,1st_data,action_space_test,data-18-1.2x-225,0.38,24.00,0.03,713,31475,4
2026-06-23T12:37:29,hy-worldplay,1st_data,action_space_test,data-19-1.0x-200,0.28,24.00,0.03,1258,30930,4
2026-06-23T12:42:31,hy-worldplay,1st_data,action_space_test,data-2-0.6x-150,0.14,24.00,0.03,601,31587,3
2026-06-23T12:47:14,hy-worldplay,1st_data,action_space_test,data-20-0.8x-175,0.24,24.00,0.03,715,31473,3
2026-06-23T12:52:15,hy-worldplay,1st_data,action_space_test,data-21-1.0x-200,0.13,24.00,0.03,653,31535,1
2026-06-23T13:06:47,hy-worldplay,1st_data,action_space_test,data-22-0.8x-175,0.10,24.00,0.01,888,31300,3
2026-06-23T13:12:00,hy-worldplay,1st_data,action_space_test,data-23-0.6x-150,0.30,24.00,0.02,528,31660,2
2026-06-23T13:17:16,hy-worldplay,1st_data,action_space_test,data-24-0.6x-150,0.18,24.00,0.02,705,31483,4
2026-06-23T13:21:36,hy-worldplay,1st_data,action_space_test,data-3-1.0x-200,0.18,24.00,0.02,632,31556,3
2026-06-23T13:26:19,hy-worldplay,1st_data,action_space_test,data-4-0.6x-150,0.14,24.00,0.02,487,31701,5
2026-06-23T13:32:22,hy-worldplay,1st_data,action_space_test,data-5-0.8x-175,0.16,24.00,0.02,535,31653,4
2026-06-23T13:36:41,hy-worldplay,1st_data,action_space_test,data-6-1.2x-225,0.14,24.00,0.03,538,31650,0
2026-06-23T13:41:38,hy-worldplay,1st_data,action_space_test,data-7-1.4x-250,0.16,24.00,0.03,621,31567,3
2026-06-23T13:46:03,hy-worldplay,1st_data,action_space_test,data-8-1.2x-225,0.12,24.00,0.03,537,31651,4
2026-06-23T13:50:01,hy-worldplay,1st_data,action_space_test,data-9-1.4x-250,0.11,24.00,0.03,536,31652,1
2026-06-23T13:54:14,hy-worldplay,1st_data,mem_test,data-25,0.14,24.00,0.03,537,31651,1
2026-06-23T13:58:10,hy-worldplay,1st_data,mem_test,data-26,0.22,24.00,0.03,476,31712,4
2026-06-23T14:02:07,hy-worldplay,1st_data,mem_test,data-27,0.11,24.00,0.03,476,31712,3
2026-06-23T14:06:17,hy-worldplay,1st_data,mem_test,data-28,0.09,24.00,0.03,478,31710,3
2026-06-23T14:10:14,hy-worldplay,1st_data,mem_test,data-29,0.15,24.00,0.03,489,31699,2
2026-06-23T14:14:11,hy-worldplay,1st_data,mem_test,data-30,0.16,24.00,0.03,495,31693,1
2026-06-23T14:18:14,hy-worldplay,1st_data,mem_test,data-31,0.09,24.00,0.03,599,31589,3
2026-06-23T14:22:18,hy-worldplay,1st_data,mem_test,data-32,0.16,24.00,0.03,598,31590,1
2026-06-23T14:26:21,hy-worldplay,1st_data,mem_test,data-33,0.11,24.00,0.03,592,31596,2
2026-06-23T14:30:27,hy-worldplay,1st_data,mem_test,data-34,0.21,24.00,0.03,591,31597,0
2026-06-23T14:34:29,hy-worldplay,1st_data,mem_test,data-35,0.06,24.00,0.03,593,31595,2
2026-06-23T14:38:46,hy-worldplay,1st_data,mem_test,data-36,0.13,24.00,0.03,594,31594,2
2026-06-23T14:42:50,hy-worldplay,1st_data,mem_test,data-37,0.05,24.00,0.03,595,31593,3
2026-06-23T14:47:09,hy-worldplay,1st_data,mem_test,data-38,0.34,24.00,0.03,664,31524,1
2026-06-23T14:52:42,hy-worldplay,1st_data,mem_test,data-39,0.28,24.00,0.03,651,31537,0
2026-06-23T14:59:24,hy-worldplay,1st_data,mem_test,data-40,0.23,24.00,0.03,632,31556,5
2026-06-23T15:04:51,hy-worldplay,1st_data,mem_test,data-41,0.24,24.00,0.03,633,31555,5
2026-06-23T15:10:10,hy-worldplay,1st_data,mem_test,data-42,0.08,24.00,0.00,474,31714,2
2026-06-25T07:22:48,hy-worldplay,1st_data,mem_test,data-43,0.15,24.00,0.04,675,31513,4
2026-06-25T07:27:01,hy-worldplay,1st_data,mem_test,data-44,0.19,24.00,0.04,542,31646,2
2026-06-25T07:31:13,hy-worldplay,1st_data,mem_test,data-45,0.14,24.00,0.04,546,31642,3
2026-06-25T07:35:17,hy-worldplay,1st_data,mem_test,data-46,0.11,24.00,0.04,493,31695,2
2026-06-25T07:39:20,hy-worldplay,1st_data,mem_test,data-47,0.34,24.00,0.04,478,31710,4
2026-06-25T07:43:18,hy-worldplay,1st_data,mem_test,data-48,0.12,24.00,0.04,545,31643,2
2026-06-25T07:47:44,hy-worldplay,1st_data,mem_test,data-49,0.11,24.00,0.04,509,31679,4
2026-06-25T07:52:06,hy-worldplay,3rd_data,action_space_test,data-125-0.8x-175,0.31,24.00,0.04,477,31711,0
2026-06-25T07:56:09,hy-worldplay,3rd_data,action_space_test,data-126-1.2x-225,0.27,24.00,0.04,492,31696,2
2026-06-25T08:00:09,hy-worldplay,3rd_data,action_space_test,data-127-1.4x-250,0.14,24.00,0.04,483,31705,2
2026-06-25T08:04:06,hy-worldplay,3rd_data,action_space_test,data-128-1.4x-250,0.14,24.00,0.04,483,31705,3
2026-06-25T08:08:04,hy-worldplay,3rd_data,action_space_test,data-129-0.6x-150,0.22,24.00,0.04,508,31680,2
2026-06-25T08:12:04,hy-worldplay,3rd_data,action_space_test,data-130-1.0x-200,0.20,24.00,0.04,500,31688,2
2026-06-25T08:16:03,hy-worldplay,3rd_data,action_space_test,data-131-1.4x-250,0.20,24.00,0.04,500,31688,2
2026-06-25T08:20:01,hy-worldplay,3rd_data,action_space_test,data-132-0.6x-150,0.14,24.00,0.04,500,31688,1
2026-06-25T08:24:15,hy-worldplay,3rd_data,action_space_test,data-133-0.8x-175,0.05,24.00,0.04,581,31607,2
2026-06-25T08:29:50,hy-worldplay,3rd_data,action_space_test,data-134-0.8x-175,0.19,24.00,0.04,722,31466,13
2026-06-25T08:35:48,hy-worldplay,3rd_data,action_space_test,data-135-0.6x-150,0.34,24.00,0.04,616,31572,7
2026-06-25T08:42:27,hy-worldplay,3rd_data,action_space_test,data-136-1.4x-250,0.20,24.00,0.03,688,31500,2
2026-06-25T08:47:53,hy-worldplay,3rd_data,action_space_test,data-137-1.2x-225,0.17,24.00,0.04,644,31544,2
2026-06-25T08:54:00,hy-worldplay,3rd_data,action_space_test,data-138-1.0x-200,0.36,24.00,0.04,469,31719,4
2026-06-25T08:58:27,hy-worldplay,3rd_data,action_space_test,data-139-0.8x-175,0.24,24.00,0.04,652,31536,3
2026-06-25T09:03:14,hy-worldplay,3rd_data,action_space_test,data-140-1.2x-225,0.19,24.00,0.04,518,31670,2
2026-06-25T09:08:37,hy-worldplay,3rd_data,action_space_test,data-141-1.2x-225,0.03,24.00,0.04,680,31508,2
2026-06-25T09:24:12,hy-worldplay,3rd_data,action_space_test,data-142-0.8x-175,0.16,24.00,0.05,598,31590,3
2026-06-25T09:30:31,hy-worldplay,3rd_data,action_space_test,data-143-1.0x-200,0.17,24.00,0.04,608,31580,1
2026-06-25T09:37:28,hy-worldplay,3rd_data,action_space_test,data-144-1.0x-200,0.18,24.00,0.04,549,31639,0
2026-06-25T09:44:03,hy-worldplay,3rd_data,action_space_test,data-145-1.2x-225,0.18,24.00,0.03,595,31593,5
2026-06-25T09:53:21,hy-worldplay,3rd_data,action_space_test,data-146-1.4x-250,0.04,24.00,0.04,497,31691,2
2026-06-25T10:01:39,hy-worldplay,3rd_data,action_space_test,data-147-0.8x-175,0.14,24.00,0.04,716,31472,3
2026-06-25T10:06:25,hy-worldplay,3rd_data,action_space_test,data-148-0.6x-150,0.04,24.00,0.03,747,31441,4
2026-06-25T10:12:15,hy-worldplay,3rd_data,action_space_test,data-149-1.0x-200,0.07,24.00,0.03,690,31498,1
2026-06-25T10:17:00,hy-worldplay,3rd_data,mem_test,data-150,0.24,24.00,0.04,600,31588,30
2026-06-25T10:22:10,hy-worldplay,3rd_data,mem_test,data-151,0.13,24.00,0.03,630,31558,16
2026-06-25T10:27:14,hy-worldplay,3rd_data,mem_test,data-152,0.07,24.00,0.03,564,31624,0
2026-06-25T10:32:52,hy-worldplay,3rd_data,mem_test,data-153,0.18,24.00,0.03,685,31503,5
2026-06-25T10:38:01,hy-worldplay,3rd_data,mem_test,data-154,0.13,24.00,0.03,610,31578,3
2026-06-25T10:43:24,hy-worldplay,3rd_data,mem_test,data-155,0.14,24.00,0.03,526,31662,1
2026-06-25T11:09:38,hy-worldplay,3rd_data,mem_test,data-156,0.23,24.00,0.04,592,31596,5
2026-06-25T11:15:34,hy-worldplay,3rd_data,mem_test,data-157,0.17,24.00,0.03,679,31509,1
2026-06-25T11:21:38,hy-worldplay,3rd_data,mem_test,data-158,0.18,24.00,0.03,686,31502,3
2026-06-25T11:27:08,hy-worldplay,3rd_data,mem_test,data-159,0.17,24.00,0.04,603,31585,6
2026-06-25T11:33:13,hy-worldplay,3rd_data,mem_test,data-160,0.29,24.00,0.04,698,31490,2
2026-06-25T11:44:58,hy-worldplay,3rd_data,mem_test,data-161,0.22,24.00,0.03,775,31413,30
2026-06-25T11:51:19,hy-worldplay,3rd_data,mem_test,data-162,0.17,24.00,0.03,862,31326,4
2026-06-25T12:09:57,hy-worldplay,3rd_data,mem_test,data-163,0.17,24.00,0.04,483,31705,1
2026-06-25T12:21:44,hy-worldplay,3rd_data,mem_test,data-164,0.20,24.00,0.04,698,31490,5
2026-06-25T12:27:02,hy-worldplay,3rd_data,mem_test,data-165,0.16,24.00,0.03,613,31575,0
2026-06-25T12:57:00,hy-worldplay,3rd_data,mem_test,data-166,0.17,24.00,0.04,782,31406,1
2026-06-25T13:03:21,hy-worldplay,3rd_data,mem_test,data-167,0.09,24.00,0.04,573,31615,3
2026-06-25T13:10:20,hy-worldplay,3rd_data,mem_test,data-168,0.10,24.00,0.04,631,31557,1
2026-06-25T13:24:46,hy-worldplay,3rd_data,mem_test,data-169,0.25,24.00,0.04,757,31431,18
2026-06-25T13:31:20,hy-worldplay,3rd_data,mem_test,data-170,0.08,24.00,0.04,673,31515,4
2026-06-25T13:49:33,hy-worldplay,3rd_data,mem_test,data-171,0.22,24.00,0.03,497,31691,4
2026-06-25T13:55:02,hy-worldplay,3rd_data,mem_test,data-172,0.14,24.00,0.03,566,31622,4
2026-06-25T14:02:30,hy-worldplay,3rd_data,mem_test,data-173,0.15,24.00,0.03,719,31469,1
2026-06-25T14:10:00,hy-worldplay,3rd_data,mem_test,data-174,0.10,24.00,0.03,548,31640,6
2026-06-26T08:45:43,hy-worldplay,3rd_data,action_space_test,data-130-1.0x-200,0.20,24.00,0.04,462,31726,4
2026-06-26T09:05:03,hy-worldplay,1st_data,mirror_test,data-25,0.14,24.00,0.03,659,31529,35
2026-06-26T09:10:27,hy-worldplay,1st_data,mirror_test,data-26,0.20,24.00,0.03,552,31636,2
2026-06-26T09:16:22,hy-worldplay,3rd_data,mirror_test,data-150,0.23,24.00,0.03,430,31758,1
2026-06-26T09:22:29,hy-worldplay,3rd_data,mirror_test,data-151,0.11,24.00,0.03,563,31625,7
2026-06-26T09:39:51,hy-worldplay,1st_data,mem_test,data-50,0.14,24.00,0.04,532,31656,3
2026-06-26T09:45:34,hy-worldplay,1st_data,mem_test,data-51,0.55,24.00,0.04,541,31647,1
2026-06-26T09:51:47,hy-worldplay,1st_data,mem_test,data-52,0.24,24.00,0.04,559,31629,0
2026-06-26T09:57:14,hy-worldplay,1st_data,mem_test,data-53,0.21,24.00,0.04,537,31651,3
2026-06-26T10:03:56,hy-worldplay,1st_data,mem_test,data-54,0.12,24.00,0.04,549,31639,7
2026-06-26T10:10:18,hy-worldplay,1st_data,mem_test,data-55,0.09,24.00,0.04,484,31704,5
2026-06-26T10:16:26,hy-worldplay,1st_data,mem_test,data-56,0.09,24.00,0.04,567,31621,1
2026-06-26T10:22:17,hy-worldplay,1st_data,mem_test,data-57,0.18,24.00,0.04,470,31718,4
2026-06-26T10:28:28,hy-worldplay,1st_data,mem_test,data-58,0.08,24.00,0.04,615,31573,2
2026-06-26T10:35:43,hy-worldplay,1st_data,mem_test,data-59,0.28,24.00,0.04,598,31590,0
2026-06-26T10:41:41,hy-worldplay,1st_data,mem_test,data-60,0.11,24.00,0.04,590,31598,4
2026-06-26T10:46:15,hy-worldplay,1st_data,mem_test,data-61,0.14,24.00,0.04,582,31606,3
2026-06-26T10:50:56,hy-worldplay,1st_data,mem_test,data-62,0.26,24.00,0.04,616,31572,3
2026-06-26T11:03:33,hy-worldplay,1st_data,mem_test,data-63,0.16,24.00,0.04,557,31631,4
2026-06-26T11:09:34,hy-worldplay,1st_data,mem_test,data-64,0.14,24.00,0.04,515,31673,4
2026-06-26T11:16:22,hy-worldplay,1st_data,mem_test,data-65,0.13,24.00,0.04,501,31687,3
2026-06-26T11:24:04,hy-worldplay,1st_data,mem_test,data-66,0.07,24.00,0.04,317,31871,5
2026-06-26T11:31:44,hy-worldplay,1st_data,mem_test,data-67,0.22,24.00,0.03,369,31819,3
2026-06-26T11:40:16,hy-worldplay,1st_data,mem_test,data-68,0.32,24.00,0.03,462,31726,2
2026-06-26T11:49:00,hy-worldplay,1st_data,mem_test,data-69,0.11,24.00,0.03,599,31589,2
2026-06-26T11:57:31,hy-worldplay,1st_data,mem_test,data-70,0.08,24.00,0.03,667,31521,3
2026-06-26T12:06:21,hy-worldplay,1st_data,mem_test,data-71,0.20,24.00,0.03,634,31554,0
2026-06-26T12:17:46,hy-worldplay,1st_data,mem_test,data-72,0.19,24.00,0.02,651,31537,2
2026-06-26T12:36:54,hy-worldplay,1st_data,mem_test,data-73,0.04,24.00,0.04,627,31561,2
2026-06-26T12:43:53,hy-worldplay,1st_data,mem_test,data-74,0.20,24.00,0.04,626,31562,3
2026-06-26T12:49:42,hy-worldplay,1st_data,mirror_test,data-27,0.12,24.00,0.04,711,31477,4
2026-06-26T12:53:44,hy-worldplay,1st_data,mirror_test,data-28,0.10,24.00,0.03,322,31866,1
2026-06-26T12:59:05,hy-worldplay,1st_data,mirror_test,data-29,0.16,24.00,0.03,673,31515,3
2026-06-26T13:03:59,hy-worldplay,1st_data,mirror_test,data-30,0.13,24.00,0.03,484,31704,1
2026-06-26T13:08:58,hy-worldplay,1st_data,mirror_test,data-31,0.09,24.00,0.03,546,31642,3
2026-06-26T13:13:08,hy-worldplay,1st_data,mirror_test,data-32,0.16,24.00,0.03,562,31626,1
2026-06-26T13:20:10,hy-worldplay,1st_data,mirror_test,data-33,0.13,24.00,0.02,537,31651,4
2026-06-26T13:26:59,hy-worldplay,1st_data,mirror_test,data-34,0.19,24.00,0.02,665,31522,75
2026-06-26T13:32:07,hy-worldplay,1st_data,mirror_test,data-35,0.06,24.00,0.02,525,31663,0
2026-06-26T14:08:50,hy-worldplay,1st_data,mirror_test,data-36,0.13,24.00,0.03,275,31913,2
2026-06-26T14:13:19,hy-worldplay,1st_data,mirror_test,data-37,0.06,24.00,0.03,462,31726,0
2026-06-26T14:18:47,hy-worldplay,1st_data,mirror_test,data-38,0.33,24.00,0.03,490,31698,13
2026-06-26T14:24:53,hy-worldplay,1st_data,mirror_test,data-39,0.26,24.00,0.03,600,31588,2
2026-06-26T14:29:00,hy-worldplay,1st_data,mirror_test,data-40,0.23,24.00,0.03,420,31768,3
2026-06-26T14:34:38,hy-worldplay,1st_data,mirror_test,data-41,0.27,24.00,0.03,662,31526,7
2026-06-26T14:43:55,hy-worldplay,1st_data,mirror_test,data-42,0.07,24.00,0.03,649,31539,6
2026-06-26T14:53:28,hy-worldplay,1st_data,mirror_test,data-43,0.15,24.00,0.03,719,31469,8
2026-06-26T15:02:12,hy-worldplay,1st_data,mirror_test,data-44,0.16,24.00,0.03,673,31515,6
2026-06-26T15:10:46,hy-worldplay,1st_data,mirror_test,data-45,0.14,24.00,0.03,650,31538,2
2026-06-26T15:19:44,hy-worldplay,1st_data,mirror_test,data-46,0.12,24.00,0.03,595,31593,6
2026-06-26T15:29:01,hy-worldplay,1st_data,mirror_test,data-47,0.32,24.00,0.03,551,31637,1
2026-06-26T15:33:14,hy-worldplay,1st_data,mirror_test,data-48,0.12,24.00,0.03,533,31655,4
2026-06-26T15:37:52,hy-worldplay,1st_data,mirror_test,data-49,0.11,24.00,0.03,589,31599,2
2026-06-26T15:41:42,hy-worldplay,1st_data,mirror_test,data-50,0.15,24.00,0.03,576,31612,2
2026-06-26T15:45:33,hy-worldplay,1st_data,mirror_test,data-51,0.19,24.00,0.03,523,31665,0
2026-06-26T15:49:57,hy-worldplay,1st_data,mirror_test,data-52,0.24,24.00,0.03,652,31536,4
2026-06-26T15:54:08,hy-worldplay,1st_data,mirror_test,data-53,0.21,24.00,0.03,458,31730,1
2026-06-26T15:59:11,hy-worldplay,1st_data,mirror_test,data-54,0.12,24.00,0.02,578,31610,3
2026-06-26T16:03:24,hy-worldplay,1st_data,mirror_test,data-55,0.09,24.00,0.02,563,31625,2
2026-06-26T16:08:33,hy-worldplay,1st_data,mirror_test,data-56,0.08,24.00,0.02,549,31639,7
2026-06-26T16:13:11,hy-worldplay,1st_data,mirror_test,data-57,0.16,24.00,0.02,641,31547,0
2026-06-26T16:17:54,hy-worldplay,1st_data,mirror_test,data-58,0.08,24.00,0.02,659,31529,9
2026-06-26T16:22:12,hy-worldplay,1st_data,mirror_test,data-59,0.25,24.00,0.02,627,31561,0
2026-06-26T16:26:31,hy-worldplay,1st_data,mirror_test,data-60,0.06,24.00,0.02,556,31632,3
2026-06-26T16:31:04,hy-worldplay,1st_data,mirror_test,data-61,0.14,24.00,0.02,602,31586,4
2026-06-26T16:35:33,hy-worldplay,1st_data,mirror_test,data-62,0.26,24.00,0.02,578,31610,9
2026-06-26T16:40:26,hy-worldplay,1st_data,mirror_test,data-63,0.17,24.00,0.02,662,31526,4
2026-06-26T16:44:40,hy-worldplay,1st_data,mirror_test,data-64,0.14,24.00,0.02,589,31599,4
2026-06-26T16:48:53,hy-worldplay,1st_data,mirror_test,data-65,0.21,24.00,0.02,634,31554,3
2026-06-26T16:54:14,hy-worldplay,1st_data,mirror_test,data-66,0.07,24.00,0.02,608,31580,7
2026-06-26T16:58:27,hy-worldplay,1st_data,mirror_test,data-67,0.19,24.00,0.02,607,31581,3
2026-06-26T17:03:25,hy-worldplay,1st_data,mirror_test,data-68,0.28,24.00,0.02,659,31529,2
2026-06-26T17:08:03,hy-worldplay,1st_data,mirror_test,data-69,0.11,24.00,0.02,563,31625,4
2026-06-26T17:12:52,hy-worldplay,1st_data,mirror_test,data-70,0.08,24.00,0.02,646,31542,4
2026-06-26T17:18:25,hy-worldplay,1st_data,mirror_test,data-71,0.21,24.00,0.02,597,31591,4
2026-06-26T17:24:01,hy-worldplay,1st_data,mirror_test,data-72,0.19,24.00,0.02,572,31616,3
2026-06-26T17:28:43,hy-worldplay,1st_data,mirror_test,data-73,0.08,24.00,0.02,590,31598,5
2026-06-26T17:33:33,hy-worldplay,1st_data,mirror_test,data-74,0.17,24.00,0.02,561,31627,3
2026-06-26T17:39:13,hy-worldplay,3rd_data,mem_test,data-175,0.17,24.00,0.04,629,31559,2
2026-06-26T17:43:46,hy-worldplay,3rd_data,mem_test,data-176,0.23,24.00,0.04,624,31564,3
2026-06-26T17:48:21,hy-worldplay,3rd_data,mem_test,data-177,0.24,24.00,0.04,611,31577,1
2026-06-26T17:52:58,hy-worldplay,3rd_data,mem_test,data-178,0.36,24.00,0.04,349,31839,4
2026-06-26T17:57:19,hy-worldplay,3rd_data,mem_test,data-179,0.19,24.00,0.04,437,31751,4
2026-06-26T18:01:40,hy-worldplay,3rd_data,mem_test,data-180,0.17,24.00,0.05,466,31722,2
2026-06-26T18:06:43,hy-worldplay,3rd_data,mem_test,data-181,0.20,24.00,0.04,543,31645,3
2026-06-26T18:11:35,hy-worldplay,3rd_data,mem_test,data-182,0.14,24.00,0.04,581,31607,4
2026-06-26T18:16:33,hy-worldplay,3rd_data,mem_test,data-183,0.16,24.00,0.04,605,31583,2
2026-06-26T18:21:05,hy-worldplay,3rd_data,mem_test,data-184,0.10,24.00,0.04,622,31566,3
2026-06-26T18:26:35,hy-worldplay,3rd_data,mem_test,data-185,0.16,24.00,0.04,634,31554,2
2026-06-26T18:31:41,hy-worldplay,3rd_data,mem_test,data-186,0.29,24.00,0.04,668,31520,4
2026-06-26T18:36:20,hy-worldplay,3rd_data,mem_test,data-187,0.26,24.00,0.04,749,31439,3
2026-06-26T18:41:05,hy-worldplay,3rd_data,mem_test,data-188,0.18,24.00,0.04,638,31550,4
2026-06-26T18:45:17,hy-worldplay,3rd_data,mem_test,data-189,0.19,24.00,0.04,505,31683,1
2026-06-26T18:51:27,hy-worldplay,3rd_data,mem_test,data-190,0.10,24.00,0.04,666,31522,47
2026-06-26T18:57:32,hy-worldplay,3rd_data,mem_test,data-191,0.14,24.00,0.04,567,31621,1
2026-06-26T19:02:17,hy-worldplay,3rd_data,mem_test,data-192,0.18,24.00,0.04,684,31504,10
2026-06-26T19:06:50,hy-worldplay,3rd_data,mem_test,data-193,0.20,24.00,0.04,536,31652,1
2026-06-26T19:11:15,hy-worldplay,3rd_data,mem_test,data-194,0.17,24.00,0.05,664,31524,2
2026-06-26T19:15:18,hy-worldplay,3rd_data,mem_test,data-195,0.23,24.00,0.05,641,31547,1
2026-06-26T19:19:06,hy-worldplay,3rd_data,mem_test,data-196,0.48,24.00,0.05,431,31757,2
2026-06-26T19:23:06,hy-worldplay,3rd_data,mem_test,data-197,0.20,24.00,0.05,460,31728,0
2026-06-26T19:27:22,hy-worldplay,3rd_data,mem_test,data-198,0.13,24.00,0.05,642,31546,1
2026-06-26T19:32:03,hy-worldplay,3rd_data,mem_test,data-199,0.16,24.00,0.05,637,31551,4
2026-06-26T19:36:40,hy-worldplay,3rd_data,mirror_test,data-152,0.07,24.00,0.05,621,31567,8
2026-06-26T19:42:06,hy-worldplay,3rd_data,mirror_test,data-153,0.20,24.00,0.05,537,31651,16
2026-06-26T19:47:12,hy-worldplay,3rd_data,mirror_test,data-154,0.15,24.00,0.04,600,31588,0
2026-06-26T19:52:23,hy-worldplay,3rd_data,mirror_test,data-155,0.10,24.00,0.04,600,31588,3
2026-06-26T19:57:23,hy-worldplay,3rd_data,mirror_test,data-156,0.21,24.00,0.04,642,31546,1
2026-06-26T20:02:10,hy-worldplay,3rd_data,mirror_test,data-157,0.17,24.00,0.03,641,31547,2
2026-06-26T20:07:02,hy-worldplay,3rd_data,mirror_test,data-158,0.20,24.00,0.03,573,31615,2
2026-06-26T20:11:41,hy-worldplay,3rd_data,mirror_test,data-159,0.17,24.00,0.03,555,31633,0
2026-06-26T20:15:58,hy-worldplay,3rd_data,mirror_test,data-160,0.29,24.00,0.03,672,31516,4
2026-06-26T20:20:39,hy-worldplay,3rd_data,mirror_test,data-161,0.20,24.00,0.03,631,31557,1
2026-06-26T20:24:52,hy-worldplay,3rd_data,mirror_test,data-162,0.17,24.00,0.03,575,31613,2
2026-06-26T20:29:29,hy-worldplay,3rd_data,mirror_test,data-163,0.17,24.00,0.03,662,31526,5
2026-06-26T20:33:54,hy-worldplay,3rd_data,mirror_test,data-164,0.24,24.00,0.03,701,31487,0
2026-06-26T20:39:45,hy-worldplay,3rd_data,mirror_test,data-165,0.15,24.00,0.03,598,31590,3
2026-06-26T20:43:52,hy-worldplay,3rd_data,mirror_test,data-166,0.18,24.00,0.03,655,31533,2
2026-06-26T20:48:36,hy-worldplay,3rd_data,mirror_test,data-167,0.10,24.00,0.03,596,31592,4
2026-06-26T20:53:24,hy-worldplay,3rd_data,mirror_test,data-168,0.09,24.00,0.03,623,31565,3
2026-06-26T20:58:43,hy-worldplay,3rd_data,mirror_test,data-169,0.21,24.00,0.03,569,31619,2
2026-06-26T21:04:32,hy-worldplay,3rd_data,mirror_test,data-170,0.15,24.00,0.03,578,31610,2
2026-06-26T21:08:53,hy-worldplay,3rd_data,mirror_test,data-171,0.24,24.00,0.03,511,31677,3
2026-06-26T21:12:57,hy-worldplay,3rd_data,mirror_test,data-172,0.14,24.00,0.03,555,31633,2
2026-06-27T07:24:39,hy-worldplay,3rd_data,mirror_test,data-173,0.15,24.00,0.03,552,31636,11
2026-06-27T07:30:25,hy-worldplay,3rd_data,mirror_test,data-174,0.10,24.00,0.03,634,31554,4
2026-06-27T07:37:41,hy-worldplay,3rd_data,mirror_test,data-175,0.15,24.00,0.03,630,31558,5
2026-06-27T07:44:49,hy-worldplay,3rd_data,mirror_test,data-176,0.23,24.00,0.03,597,31591,1
2026-06-27T07:51:29,hy-worldplay,3rd_data,mirror_test,data-177,0.24,24.00,0.03,617,31571,5
2026-06-27T07:57:38,hy-worldplay,3rd_data,mirror_test,data-178,0.36,24.00,0.03,577,31611,1
2026-06-27T08:04:04,hy-worldplay,3rd_data,mirror_test,data-179,0.19,24.00,0.03,581,31607,3
2026-06-27T08:10:15,hy-worldplay,3rd_data,mirror_test,data-180,0.17,24.00,0.03,588,31600,1
2026-06-27T08:16:35,hy-worldplay,3rd_data,mirror_test,data-181,0.21,24.00,0.03,579,31609,2
2026-06-27T08:24:37,hy-worldplay,3rd_data,mirror_test,data-182,0.14,24.00,0.03,574,31614,5
2026-06-27T08:38:04,hy-worldplay,3rd_data,mirror_test,data-183,0.18,24.00,0.03,595,31593,5
2026-06-27T08:44:35,hy-worldplay,3rd_data,mirror_test,data-184,0.10,24.00,0.03,334,31854,5
2026-06-27T08:50:48,hy-worldplay,3rd_data,mirror_test,data-185,0.14,24.00,0.03,335,31853,2
2026-06-27T08:56:42,hy-worldplay,3rd_data,mirror_test,data-186,0.23,24.00,0.03,339,31849,1
2026-06-27T09:02:41,hy-worldplay,3rd_data,mirror_test,data-187,0.25,24.00,0.03,347,31841,2
2026-06-27T09:08:36,hy-worldplay,3rd_data,mirror_test,data-188,0.18,24.00,0.03,328,31860,1
2026-06-27T09:13:10,hy-worldplay,3rd_data,mirror_test,data-189,0.19,24.00,0.03,575,31613,1
2026-06-27T09:17:26,hy-worldplay,3rd_data,mirror_test,data-190,0.10,24.00,0.03,544,31644,0
2026-06-27T09:21:28,hy-worldplay,3rd_data,mirror_test,data-191,0.17,24.00,0.03,546,31642,2
2026-06-27T09:25:27,hy-worldplay,3rd_data,mirror_test,data-192,0.20,24.00,0.03,545,31643,4
2026-06-27T09:29:27,hy-worldplay,3rd_data,mirror_test,data-193,0.22,24.00,0.03,528,31660,1
2026-06-27T09:33:26,hy-worldplay,3rd_data,mirror_test,data-194,0.17,24.00,0.03,530,31658,2
2026-06-27T09:37:26,hy-worldplay,3rd_data,mirror_test,data-195,0.24,24.00,0.03,544,31644,4
2026-06-27T09:41:44,hy-worldplay,3rd_data,mirror_test,data-196,0.48,24.00,0.03,686,31502,4
2026-06-27T09:49:19,hy-worldplay,3rd_data,mirror_test,data-197,0.20,24.00,0.03,782,31405,2
2026-06-27T09:53:40,hy-worldplay,3rd_data,mirror_test,data-198,0.13,24.00,0.03,638,31550,2
2026-06-27T09:57:41,hy-worldplay,3rd_data,mirror_test,data-199,0.17,24.00,0.03,611,31577,0
